Game; Start; End; Period; Team; Event; Phase; Offense System; Defense System; Assist; Offense Player Number; Offense Player Name; Offense Player Position; Defense Player Number; Defense Player Name; Defense Player Position; Shooter Position; Shot Location; Home Team; Visitor Team; Possession; Important; Game System
 BM Pozuelo Div. Oro vs Ciudad Imperial;0:00:00;0:00:00; T1; BM Pozuelo Div. Oro; FIRST_HALF_START; OFFENSE_POSITIONAL; EQUALITY;6:00:00; ;; ; ;; ; ; ;; Miryam Cáceres, Noelia Domínguez, Mika Bochieri, Valentina Learreta, Noelia Delfa, Yaiza Alonso, María Laguna; Silvia Ballesteros, Sara Correa, Bereket Garcia, Carolina Acosta, Judith Rodriguez, María Llorca, Monique Henrique;1;FALSO;
BM Pozuelo Div. Oro vs Ciudad Imperial;0:00:00;0:00:32; T1; BM Pozuelo Div. Oro; LOST_BALL; OFFENSE_POSITIONAL; EQUALITY;5:01:00; ;9; Valentina Learreta; lb;; ; ; ;; Miryam Cáceres, Noelia Domínguez, Mika Bochieri, Valentina Learreta, Noelia Delfa, Yaiza Alonso, María Laguna; Silvia Ballesteros, Sara Correa, Bereket Garcia, Carolina Acosta, Judith Rodriguez, María Llorca, Monique Henrique;1;FALSO;
BM Pozuelo Div. Oro vs Ciudad Imperial;0:00:32;0:01:02; T1; Ciudad Imperial; SAVE; OFFENSE_POSITIONAL; EQUALITY;6:00:00; ;93; Monique Henrique; lb;17; Miryam Cáceres; gk; RIGHT_9M;3; Miryam Cáceres, Noelia Domínguez, Mika Bochieri, Valentina Learreta, Noelia Delfa, Yaiza Alonso, María Montoro; Silvia Ballesteros, Sara Correa, Bereket Garcia, Carolina Acosta, Judith Rodriguez, María Llorca, Monique Henrique;1;FALSO;
BM Pozuelo Div. Oro vs Ciudad Imperial;0:01:02;0:01:16; T1; BM Pozuelo Div. Oro; FOUL_RECEIVE; OFFENSE_POSITIONAL; EQUALITY;5:01:00; ;11; Noelia Delfa; cb;85; Bereket Garcia; lb; ;; Miryam Cáceres, Noelia Domínguez, Mika Bochieri, Valentina Learreta, Noelia Delfa, Yaiza Alonso, María Montoro; Silvia Ballesteros, Sara Correa, Bereket Garcia, Carolina Acosta, Judith Rodriguez, María Llorca, Monique Henrique;2;FALSO;
BM Pozuelo Div. Oro vs Ciudad Imperial;0:01:16;0:01:48; T1; BM Pozuelo Div. Oro; FOUL_RECEIVE; OFFENSE_POSITIONAL; EQUALITY;5:01:00; ;3; María Laguna; cb;93; Monique Henrique; lb; ;; Miryam Cáceres, Noelia Domínguez, Mika Bochieri, Valentina Learreta, Noelia Delfa, Yaiza Alonso, María Laguna; Silvia Ballesteros, Sara Correa, Bereket Garcia, Carolina Acosta, Judith Rodriguez, María Llorca, Monique Henrique;2;FALSO;
BM Pozuelo Div. Oro vs Ciudad Imperial;0:01:48;0:02:02; T1; BM Pozuelo Div. Oro; FOUL_RECEIVE; OFFENSE_POSITIONAL; EQUALITY;5:01:00; ;11; Noelia Delfa; cb;85; Bereket Garcia; lb; ;; Miryam Cáceres, Noelia Domínguez, Mika Bochieri, Valentina Learreta, Noelia Delfa, Yaiza Alonso, María Laguna; Silvia Ballesteros, Sara Correa, Bereket Garcia, Carolina Acosta, Judith Rodriguez, María Llorca, Monique Henrique;2;FALSO;
BM Pozuelo Div. Oro vs Ciudad Imperial;0:02:02;0:02:20; T1; BM Pozuelo Div. Oro; SHOT_BLOCKED; OFFENSE_POSITIONAL; EQUALITY;5:01:00; ;11; Noelia Delfa; cb;85; Bereket Garcia; lb; ;; Miryam Cáceres, Noelia Domínguez, Mika Bochieri, Valentina Learreta, Noelia Delfa, Yaiza Alonso, María Laguna; Silvia Ballesteros, Sara Correa, Bereket Garcia, Carolina Acosta, Judith Rodriguez, María Llorca, Monique Henrique;2;FALSO;
BM Pozuelo Div. Oro vs Ciudad Imperial;0:02:20;0:02:31; T1; BM Pozuelo Div. Oro; GOAL; OFFENSE_POSITIONAL; EQUALITY;5:01:00; ;9; Valentina Learreta; lb;31; Silvia Ballesteros; gk; RIGHT_9M;7; Miryam Cáceres, Noelia Domínguez, Mika Bochieri, Valentina Learreta, Noelia Delfa, Yaiza Alonso, María Laguna; Silvia Ballesteros, Sara Correa, Bereket Garcia, Carolina Acosta, Judith Rodriguez, María Llorca, Monique Henrique;2;FALSO;
BM Pozuelo Div. Oro vs Ciudad Imperial;0:02:31;0:03:10; T1; Ciudad Imperial; GOAL; OFFENSE_POSITIONAL; EQUALITY;6:00:00; ;18; Alba Serrano; cb;17; Miryam Cáceres; gk; RIGHT_WING;7; Miryam Cáceres, Noelia Domínguez, Mika Bochieri, Valentina Learreta, Noelia Delfa, Yaiza Alonso, María Laguna; Silvia Ballesteros, Bereket Garcia, Carolina Acosta, Judith Rodriguez, María Llorca, Monique Henrique, Alba Serrano;2;FALSO;
BM Pozuelo Div. Oro vs Ciudad Imperial;0:03:10;0:03:49; T1; BM Pozuelo Div. Oro; LOST_BALL; OFFENSE_POSITIONAL; EQUALITY;5:01:00; ;9; Valentina Learreta; lb;; ; ; ;; Miryam Cáceres, Noelia Domínguez, Mika Bochieri, Valentina Learreta, Noelia Delfa, Yaiza Alonso, María Laguna; Silvia Ballesteros, Bereket Garcia, Carolina Acosta, Judith Rodriguez, María Llorca, Monique Henrique, Alba Serrano;3;FALSO;
BM Pozuelo Div. Oro vs Ciudad Imperial;0:03:49;0:04:11; T1; Ciudad Imperial; LOST_BALL; OFFENSE_POSITIONAL; EQUALITY;6:00:00; ;85; Bereket Garcia; lb;; ; ; ;; Miryam Cáceres, Noelia Domínguez, Mika Bochieri, Valentina Learreta, Noelia Delfa, Yaiza Alonso, María Laguna; Silvia Ballesteros, Bereket Garcia, Carolina Acosta, Judith Rodriguez, María Llorca, Monique Henrique, Alba Serrano;3;FALSO;
BM Pozuelo Div. Oro vs Ciudad Imperial;0:04:11;0:04:36; T1; BM Pozuelo Div. Oro; LOST_BALL; OFFENSE_POSITIONAL; EQUALITY;5:01:00; ;11; Noelia Delfa; cb;; ; ; ;; Miryam Cáceres, Noelia Domínguez, Mika Bochieri, Valentina Learreta, Noelia Delfa, Yaiza Alonso, María Laguna; Silvia Ballesteros, Bereket Garcia, Carolina Acosta, Judith Rodriguez, María Llorca, Monique Henrique, Alba Serrano;4;FALSO;
BM Pozuelo Div. Oro vs Ciudad Imperial;0:04:36;0:05:14; T1; Ciudad Imperial; GOAL; OFFENSE_POSITIONAL; EQUALITY;6:00:00; Monique Henrique;18; Alba Serrano; cb;17; Miryam Cáceres; gk; CENTER_6M;7; Miryam Cáceres, Noelia Domínguez, Mika Bochieri, Valentina Learreta, Noelia Delfa, Yaiza Alonso, María Montoro; Silvia Ballesteros, Bereket Garcia, Carolina Acosta, Judith Rodriguez, María Llorca, Monique Henrique, Alba Serrano;4;FALSO;
BM Pozuelo Div. Oro vs Ciudad Imperial;0:05:14;0:05:41; T1; BM Pozuelo Div. Oro; FOUL_RECEIVE; OFFENSE_POSITIONAL; EQUALITY;5:01:00; ;11; Noelia Delfa; cb;18; Alba Serrano; cb; ;; Miryam Cáceres, Noelia Domínguez, Mika Bochieri, Valentina Learreta, Noelia Delfa, Yaiza Alonso, María Laguna; Silvia Ballesteros, Bereket Garcia, Carolina Acosta, Judith Rodriguez, María Llorca, Monique Henrique, Alba Serrano;5;FALSO;
BM Pozuelo Div. Oro vs Ciudad Imperial;0:05:41;0:05:51; T1; BM Pozuelo Div. Oro; GOAL; OFFENSE_POSITIONAL; EQUALITY;5:01:00; Noelia Delfa;2; Noelia Domínguez; lw;31; Silvia Ballesteros; gk; LEFT_6M;9; Miryam Cáceres, Noelia Domínguez, Mika Bochieri, Valentina Learreta, Noelia Delfa, Yaiza Alonso, María Laguna; Silvia Ballesteros, Bereket Garcia, Carolina Acosta, Judith Rodriguez, María Llorca, Monique Henrique, Alba Serrano;5;FALSO;
BM Pozuelo Div. Oro vs Ciudad Imperial;0:05:51;0:06:07; T1; Ciudad Imperial; ATTACK_FAULT_COMMIT; OFFENSE_POSITIONAL; EQUALITY;6:00:00; ;93; Monique Henrique; lb;11; Noelia Delfa; cb; ;; Miryam Cáceres, Noelia Domínguez, Mika Bochieri, Valentina Learreta, Noelia Delfa, Yaiza Alonso, María Montoro; Silvia Ballesteros, Bereket Garcia, Carolina Acosta, Judith Rodriguez, María Llorca, Monique Henrique, Alba Serrano;5;FALSO;
BM Pozuelo Div. Oro vs Ciudad Imperial;0:06:07;0:06:25; T1; BM Pozuelo Div. Oro; 7M_PROVOKE; FAST_BREAK; EQUALITY;5:01:00; ;77; Yaiza Alonso; lp;18; Alba Serrano; cb; ;; Miryam Cáceres, Noelia Domínguez, Mika Bochieri, Valentina Learreta, Noelia Delfa, Yaiza Alonso, María Montoro; Silvia Ballesteros, Bereket Garcia, Carolina Acosta, Judith Rodriguez, María Llorca, Monique Henrique, Alba Serrano;6;FALSO;
BM Pozuelo Div. Oro vs Ciudad Imperial;0:06:25;0:06:47; T1; BM Pozuelo Div. Oro; GOAL; OFFENSE_POSITIONAL; EQUALITY;5:01:00; ;30; Gemma Leal; lp;31; Silvia Ballesteros; gk; 7_METERS;7; Miryam Cáceres, Noelia Domínguez, Mika Bochieri, Noelia Delfa, Yaiza Alonso, María Montoro, Gemma Leal; Silvia Ballesteros, Bereket Garcia, Carolina Acosta, Judith Rodriguez, María Llorca, Monique Henrique, Alba Serrano;6;FALSO;
BM Pozuelo Div. Oro vs Ciudad Imperial;0:06:47;0:07:23; T1; Ciudad Imperial; SAVE; OFFENSE_POSITIONAL; EQUALITY;6:00:00; ;93; Monique Henrique; lb;17; Miryam Cáceres; gk; CENTER_9M;7; Miryam Cáceres, Noelia Domínguez, Mika Bochieri, Noelia Delfa, Yaiza Alonso, María Montoro, Valentina Learreta; Silvia Ballesteros, Bereket Garcia, Carolina Acosta, Judith Rodriguez, María Llorca, Monique Henrique, Alba Serrano;6;FALSO;
BM Pozuelo Div. Oro vs Ciudad Imperial;0:07:23;0:07:51; T1; Ciudad Imperial; LOST_BALL; OFFENSE_POSITIONAL; EQUALITY;6:00:00; ;30; María Llorca; cb;9; Valentina Learreta; lb; ;; Miryam Cáceres, Noelia Domínguez, Mika Bochieri, Noelia Delfa, Yaiza Alonso, María Montoro, Valentina Learreta; Silvia Ballesteros, Bereket Garcia, Carolina Acosta, Judith Rodriguez, María Llorca, Monique Henrique, Alba Serrano;6;FALSO;
BM Pozuelo Div. Oro vs Ciudad Imperial;0:07:51;0:08:19; T1; BM Pozuelo Div. Oro; LOST_BALL; FAST_BREAK; EQUALITY;5:01:00; ;9; Valentina Learreta; lb;; ; ; ;; Miryam Cáceres, Noelia Domínguez, Mika Bochieri, Noelia Delfa, Yaiza Alonso, María Montoro, Valentina Learreta; Silvia Ballesteros, Bereket Garcia, Carolina Acosta, Judith Rodriguez, María Llorca, Monique Henrique, Alba Serrano;7;FALSO;
BM Pozuelo Div. Oro vs Ciudad Imperial;0:08:19;0:08:36; T1; Ciudad Imperial; GOAL; FAST_BREAK; EQUALITY;6:00:00; ;85; Bereket Garcia; lb;17; Miryam Cáceres; gk; LEFT_6M;9; Miryam Cáceres, Noelia Domínguez, Mika Bochieri, Noelia Delfa, Yaiza Alonso, María Montoro, Valentina Learreta; Silvia Ballesteros, Bereket Garcia, Carolina Acosta, Judith Rodriguez, María Llorca, Monique Henrique, Alba Serrano;7;FALSO;
BM Pozuelo Div. Oro vs Ciudad Imperial;0:08:36;0:09:00; T1; BM Pozuelo Div. Oro; GOAL; OFFENSE_POSITIONAL; EQUALITY;5:01:00; Valentina Learreta;8; Mika Bochieri; rw;31; Silvia Ballesteros; gk; CENTER_6M;7; Miryam Cáceres, Noelia Domínguez, Mika Bochieri, Noelia Delfa, Yaiza Alonso, Valentina Learreta, María Laguna; Silvia Ballesteros, Bereket Garcia, Carolina Acosta, Judith Rodriguez, María Llorca, Monique Henrique, Alba Serrano;8;FALSO;
BM Pozuelo Div. Oro vs Ciudad Imperial;0:09:00;0:09:24; T1; Ciudad Imperial; GOAL; OFFENSE_POSITIONAL; EQUALITY;6:00:00; ;93; Monique Henrique; lb;17; Miryam Cáceres; gk; CENTER_9M;9; Miryam Cáceres, Noelia Domínguez, Mika Bochieri, Noelia Delfa, Yaiza Alonso, Valentina Learreta, María Montoro; Silvia Ballesteros, Bereket Garcia, Carolina Acosta, Judith Rodriguez, María Llorca, Monique Henrique, Alba Serrano;8;FALSO;
BM Pozuelo Div. Oro vs Ciudad Imperial;0:09:24;0:09:44; T1; BM Pozuelo Div. Oro; FOUL_RECEIVE; OFFENSE_POSITIONAL; EQUALITY;5:01:00; ;3; María Laguna; cb;85; Bereket Garcia; lb; ;; Miryam Cáceres, Noelia Domínguez, Mika Bochieri, Noelia Delfa, Yaiza Alonso, Valentina Learreta, María Laguna; Silvia Ballesteros, Bereket Garcia, Carolina Acosta, Judith Rodriguez, María Llorca, Monique Henrique, Alba Serrano;9;FALSO;
BM Pozuelo Div. Oro vs Ciudad Imperial;0:09:44;0:10:12; T1; BM Pozuelo Div. Oro; FOUL_RECEIVE; OFFENSE_POSITIONAL; EQUALITY;5:01:00; ;3; María Laguna; cb;18; Alba Serrano; cb; ;; Miryam Cáceres, Noelia Domínguez, Mika Bochieri, Noelia Delfa, Yaiza Alonso, Valentina Learreta, María Laguna; Silvia Ballesteros, Bereket Garcia, Carolina Acosta, Judith Rodriguez, María Llorca, Monique Henrique, Alba Serrano;9;FALSO;
BM Pozuelo Div. Oro vs Ciudad Imperial;0:10:12;0:10:25; T1; BM Pozuelo Div. Oro; LOST_BALL; OFFENSE_POSITIONAL; EQUALITY;5:01:00; ;11; Noelia Delfa; cb;85; Bereket Garcia; lb; ;; Miryam Cáceres, Noelia Domínguez, Mika Bochieri, Noelia Delfa, Yaiza Alonso, Valentina Learreta, María Laguna; Silvia Ballesteros, Bereket Garcia, Carolina Acosta, Judith Rodriguez, María Llorca, Monique Henrique, Alba Serrano;9;FALSO;
BM Pozuelo Div. Oro vs Ciudad Imperial;0:10:25;0:10:35; T1; Ciudad Imperial; LOST_BALL; OFFENSE_POSITIONAL; EQUALITY;6:00:00; ;85; Bereket Garcia; lb;8; Mika Bochieri; rw; ;; Miryam Cáceres, Noelia Domínguez, Mika Bochieri, Noelia Delfa, Yaiza Alonso, Valentina Learreta, María Laguna; Silvia Ballesteros, Bereket Garcia, Carolina Acosta, Judith Rodriguez, María Llorca, Monique Henrique, Alba Serrano;9;FALSO;
BM Pozuelo Div. Oro vs Ciudad Imperial;0:10:35;0:10:45; T1; BM Pozuelo Div. Oro; SAVE; FAST_BREAK; EQUALITY;5:01:00; ;8; Mika Bochieri; rw;31; Silvia Ballesteros; gk; CENTER_6M;6; Miryam Cáceres, Noelia Domínguez, Mika Bochieri, Noelia Delfa, Yaiza Alonso, Valentina Learreta, María Laguna; Silvia Ballesteros, Bereket Garcia, Carolina Acosta, Judith Rodriguez, María Llorca, Monique Henrique, Alba Serrano;10;FALSO;
BM Pozuelo Div. Oro vs Ciudad Imperial;0:10:45;0:11:08; T1; Ciudad Imperial; GOAL; OFFENSE_POSITIONAL; EQUALITY;6:00:00; ;93; Monique Henrique; lb;17; Miryam Cáceres; gk; LEFT_6M;8; Miryam Cáceres, Noelia Domínguez, Mika Bochieri, Noelia Delfa, Yaiza Alonso, Valentina Learreta, María Montoro; Silvia Ballesteros, Bereket Garcia, Carolina Acosta, Judith Rodriguez, María Llorca, Monique Henrique, Alba Serrano;10;FALSO;
BM Pozuelo Div. Oro vs Ciudad Imperial;0:11:08;0:11:44; T1; BM Pozuelo Div. Oro; SAVE; OFFENSE_POSITIONAL; EQUALITY;5:01:00; ;11; Noelia Delfa; cb;31; Silvia Ballesteros; gk; CENTER_9M;1; Miryam Cáceres, Noelia Domínguez, Mika Bochieri, Noelia Delfa, Yaiza Alonso, Valentina Learreta, María Laguna; Silvia Ballesteros, Bereket Garcia, Carolina Acosta, Judith Rodriguez, María Llorca, Monique Henrique, Alba Serrano;11;FALSO;
BM Pozuelo Div. Oro vs Ciudad Imperial;0:11:44;0:12:20; T1; Ciudad Imperial; FOUL_RECEIVE; OFFENSE_POSITIONAL; EQUALITY;5:01:00; ;30; María Llorca; cb;11; Noelia Delfa; cb; ;; Miryam Cáceres, Noelia Domínguez, Mika Bochieri, Noelia Delfa, Yaiza Alonso, Valentina Learreta, María Montoro; Silvia Ballesteros, Bereket Garcia, Carolina Acosta, Judith Rodriguez, María Llorca, Monique Henrique, Alba Serrano;11;FALSO;
BM Pozuelo Div. Oro vs Ciudad Imperial;0:12:20;0:12:41; T1; Ciudad Imperial; GOAL; OFFENSE_POSITIONAL; EQUALITY;5:01:00; ;12; Carolina Acosta; lp;17; Miryam Cáceres; gk; RIGHT_WING;1; Miryam Cáceres, Noelia Domínguez, Mika Bochieri, Noelia Delfa, Yaiza Alonso, Valentina Learreta, María Montoro; Silvia Ballesteros, Bereket Garcia, Carolina Acosta, Judith Rodriguez, María Llorca, Monique Henrique, Alba Serrano;11;FALSO;
BM Pozuelo Div. Oro vs Ciudad Imperial;0:12:41;0:13:04; T1; BM Pozuelo Div. Oro; SAVE; OFFENSE_POSITIONAL; EQUALITY;5:01:00; ;9; Valentina Learreta; lb;31; Silvia Ballesteros; gk; CENTER_9M;7; Miryam Cáceres, Noelia Domínguez, Mika Bochieri, Noelia Delfa, Yaiza Alonso, Valentina Learreta, María Laguna; Silvia Ballesteros, Bereket Garcia, Carolina Acosta, Judith Rodriguez, María Llorca, Monique Henrique, Alba Serrano;12;FALSO;
BM Pozuelo Div. Oro vs Ciudad Imperial;0:13:04;0:13:17; T1; Ciudad Imperial; LOST_BALL; OFFENSE_POSITIONAL; EQUALITY;5:01:00; ;93; Monique Henrique; lb;; ; ; ;; Miryam Cáceres, Noelia Domínguez, Mika Bochieri, Noelia Delfa, Yaiza Alonso, Valentina Learreta, María Montoro; Silvia Ballesteros, Bereket Garcia, Carolina Acosta, Judith Rodriguez, María Llorca, Monique Henrique, Alba Serrano;12;FALSO;
BM Pozuelo Div. Oro vs Ciudad Imperial;0:13:17;0:13:37; T1; BM Pozuelo Div. Oro; 7M_PROVOKE; OFFENSE_POSITIONAL; EQUALITY;5:01:00; ;8; Mika Bochieri; rw;18; Alba Serrano; cb; ;; Miryam Cáceres, Noelia Domínguez, Mika Bochieri, Noelia Delfa, Yaiza Alonso, Valentina Learreta, María Laguna; Silvia Ballesteros, Bereket Garcia, Carolina Acosta, Judith Rodriguez, María Llorca, Monique Henrique, Alba Serrano;13;FALSO;
BM Pozuelo Div. Oro vs Ciudad Imperial;0:13:37;0:13:54; T1; BM Pozuelo Div. Oro; GOAL; OFFENSE_POSITIONAL; EQUALITY;5:01:00; ;30; Gemma Leal; lp;31; Silvia Ballesteros; gk; 7_METERS;3; Miryam Cáceres, Noelia Domínguez, Mika Bochieri, Noelia Delfa, Yaiza Alonso, Valentina Learreta, Gemma Leal; Silvia Ballesteros, Bereket Garcia, Carolina Acosta, Judith Rodriguez, María Llorca, Monique Henrique, Alba Serrano;13;FALSO;
BM Pozuelo Div. Oro vs Ciudad Imperial;0:13:54;0:14:34; T1; Ciudad Imperial; GOAL; OFFENSE_POSITIONAL; EQUALITY;5:01:00; ;93; Monique Henrique; lb;17; Miryam Cáceres; gk; LEFT_9M;7; Miryam Cáceres, Noelia Domínguez, Mika Bochieri, Noelia Delfa, Yaiza Alonso, Gemma Leal, María Montoro; Silvia Ballesteros, Bereket Garcia, Carolina Acosta, Judith Rodriguez, María Llorca, Monique Henrique, Alba Serrano;13;FALSO;
BM Pozuelo Div. Oro vs Ciudad Imperial;0:14:34;0:14:47; T1; BM Pozuelo Div. Oro; FOUL_RECEIVE; OFFENSE_POSITIONAL; EQUALITY;5:01:00; ;5; Lucía Martín; rb;6; Judith Rodriguez; lw; ;; Miryam Cáceres, Noelia Domínguez, Mika Bochieri, Noelia Delfa, Yaiza Alonso, Gemma Leal, Lucía Martín; Silvia Ballesteros, Bereket Garcia, Carolina Acosta, Judith Rodriguez, María Llorca, Monique Henrique, Alba Serrano;14;FALSO;
BM Pozuelo Div. Oro vs Ciudad Imperial;0:14:47;0:15:06; T1; BM Pozuelo Div. Oro; GOAL; OFFENSE_POSITIONAL; EQUALITY;5:01:00; ;11; Noelia Delfa; cb;31; Silvia Ballesteros; gk; LEFT_6M;7; Miryam Cáceres, Noelia Domínguez, Mika Bochieri, Noelia Delfa, Yaiza Alonso, Gemma Leal, Lucía Martín; Silvia Ballesteros, Bereket Garcia, Carolina Acosta, Judith Rodriguez, Monique Henrique, Alba Serrano, Anda Setu;14;FALSO;
BM Pozuelo Div. Oro vs Ciudad Imperial;0:15:06;0:15:29; T1; Ciudad Imperial; FOUL_RECEIVE; OFFENSE_POSITIONAL; EQUALITY;5:01:00; ;30; María Llorca; cb;20; María Montoro; lw; ;; Miryam Cáceres, Noelia Domínguez, Mika Bochieri, Noelia Delfa, Yaiza Alonso, Gemma Leal, María Montoro; Silvia Ballesteros, Bereket Garcia, Carolina Acosta, Judith Rodriguez, Monique Henrique, Alba Serrano, María Llorca;14;FALSO;
BM Pozuelo Div. Oro vs Ciudad Imperial;0:15:29;0:15:46; T1; Ciudad Imperial; FOUL_RECEIVE; OFFENSE_POSITIONAL; EQUALITY;5:01:00; ;93; Monique Henrique; lb;77; Yaiza Alonso; lp; ;; Miryam Cáceres, Noelia Domínguez, Mika Bochieri, Noelia Delfa, Yaiza Alonso, Gemma Leal, María Montoro; Silvia Ballesteros, Carolina Acosta, Judith Rodriguez, Monique Henrique, Alba Serrano, María Llorca, Anda Setu;14;FALSO;
BM Pozuelo Div. Oro vs Ciudad Imperial;0:15:46;0:16:14; T1; Ciudad Imperial; GOAL; OFFENSE_POSITIONAL; EQUALITY;5:01:00; ;93; Monique Henrique; lb;17; Miryam Cáceres; gk; RIGHT_9M;1; Miryam Cáceres, Noelia Domínguez, Mika Bochieri, Noelia Delfa, Yaiza Alonso, Gemma Leal, María Montoro; Silvia Ballesteros, Carolina Acosta, Judith Rodriguez, Monique Henrique, Alba Serrano, María Llorca, Anda Setu;14;FALSO;
BM Pozuelo Div. Oro vs Ciudad Imperial;0:16:14;0:16:34; T1; BM Pozuelo Div. Oro; GOAL; OFFENSE_POSITIONAL; EQUALITY;5:01:00; Lucía Martín;22; Davinia Sobrino; rw;31; Silvia Ballesteros; gk; RIGHT_WING;1; Miryam Cáceres, Noelia Domínguez, Mika Bochieri, Noelia Delfa, Yaiza Alonso, Gemma Leal, Lucía Martín; Silvia Ballesteros, Carolina Acosta, Judith Rodriguez, Monique Henrique, Alba Serrano, María Llorca, Anda Setu;15;FALSO;
BM Pozuelo Div. Oro vs Ciudad Imperial;0:16:34;0:17:13; T1; Ciudad Imperial; SAVE; OFFENSE_POSITIONAL; EQUALITY;5:01:00; ;93; Monique Henrique; lb;1; Paula Quiles; gk; RIGHT_9M;4; Noelia Domínguez, Mika Bochieri, Noelia Delfa, Yaiza Alonso, Gemma Leal, Lucía Martín, Paula Quiles; Silvia Ballesteros, Carolina Acosta, Judith Rodriguez, Monique Henrique, Alba Serrano, María Llorca, Anda Setu;15;FALSO;
BM Pozuelo Div. Oro vs Ciudad Imperial;0:17:13;0:17:26; T1; BM Pozuelo Div. Oro; GOAL; FAST_BREAK; EQUALITY;5:01:00; ;30; Gemma Leal; lp;31; Silvia Ballesteros; gk; CENTER_9M;3; Noelia Domínguez, Mika Bochieri, Noelia Delfa, Yaiza Alonso, Gemma Leal, Lucía Martín, Paula Quiles; Silvia Ballesteros, Carolina Acosta, Judith Rodriguez, Monique Henrique, Alba Serrano, María Llorca, Anda Setu;16;FALSO;
BM Pozuelo Div. Oro vs Ciudad Imperial;0:17:26;0:17:55; T1; Ciudad Imperial; LOST_BALL; OFFENSE_POSITIONAL; EQUALITY;5:01:00; ;93; Monique Henrique; lb;20; María Montoro; lw; ;; Noelia Domínguez, Mika Bochieri, Noelia Delfa, Yaiza Alonso, Gemma Leal, Paula Quiles, María Montoro; Silvia Ballesteros, Carolina Acosta, Judith Rodriguez, Monique Henrique, Alba Serrano, María Llorca, Anda Setu;16;FALSO;
BM Pozuelo Div. Oro vs Ciudad Imperial;0:17:55;0:18:15; T1; BM Pozuelo Div. Oro; GOAL; FAST_BREAK; EQUALITY;5:01:00; Noelia Delfa;2; Noelia Domínguez; lw;31; Silvia Ballesteros; gk; LEFT_WING;9; Noelia Domínguez, Mika Bochieri, Noelia Delfa, Yaiza Alonso, Gemma Leal, Paula Quiles, María Montoro; Silvia Ballesteros, Carolina Acosta, Judith Rodriguez, Monique Henrique, Alba Serrano, María Llorca, Anda Setu;17;FALSO;
BM Pozuelo Div. Oro vs Ciudad Imperial;0:18:15;0:18:32; T1; Ciudad Imperial; FOUL_RECEIVE; OFFENSE_POSITIONAL; EQUALITY;5:01:00; ;10; Anda Setu; lb;20; María Montoro; lw; ;; Noelia Domínguez, Mika Bochieri, Noelia Delfa, Yaiza Alonso, Gemma Leal, Paula Quiles, María Montoro; Silvia Ballesteros, Carolina Acosta, Judith Rodriguez, Monique Henrique, Alba Serrano, María Llorca, Anda Setu;17;FALSO;
BM Pozuelo Div. Oro vs Ciudad Imperial;0:18:32;0:18:39; T1; Ciudad Imperial; SAVE; OFFENSE_POSITIONAL; EQUALITY;5:01:00; ;30; María Llorca; cb;1; Paula Quiles; gk; CENTER_9M;4; Noelia Domínguez, Mika Bochieri, Noelia Delfa, Yaiza Alonso, Gemma Leal, Paula Quiles, María Montoro; Silvia Ballesteros, Carolina Acosta, Judith Rodriguez, Monique Henrique, Alba Serrano, María Llorca, Anda Setu;17;FALSO;
BM Pozuelo Div. Oro vs Ciudad Imperial;0:18:39;0:19:07; T1; BM Pozuelo Div. Oro; FOUL_RECEIVE; OFFENSE_POSITIONAL; EQUALITY;5:01:00; ;30; Gemma Leal; lp;10; Anda Setu; lb; ;; Noelia Domínguez, Mika Bochieri, Noelia Delfa, Yaiza Alonso, María Montoro, Paula Quiles, Gemma Leal; Silvia Ballesteros, Carolina Acosta, Judith Rodriguez, Monique Henrique, Alba Serrano, María Llorca, Anda Setu;18;FALSO;
BM Pozuelo Div. Oro vs Ciudad Imperial;0:19:07;0:19:36; T1; BM Pozuelo Div. Oro; GOAL; OFFENSE_POSITIONAL; EQUALITY;5:01:00; ;30; Gemma Leal; lp;31; Silvia Ballesteros; gk; LEFT_9M;3; Noelia Domínguez, Noelia Delfa, Paula Quiles, Gemma Leal, Alicia Huertas, Lucía Martín, Davinia Sobrino; Silvia Ballesteros, Carolina Acosta, Judith Rodriguez, Monique Henrique, Alba Serrano, María Llorca, Anda Setu;18;FALSO;
BM Pozuelo Div. Oro vs Ciudad Imperial;0:19:36;0:19:55; T1; Ciudad Imperial; FOUL_RECEIVE; OFFENSE_POSITIONAL; EQUALITY;5:01:00; ;93; Monique Henrique; lb;20; María Montoro; lw; ;; Noelia Domínguez, Noelia Delfa, Paula Quiles, Gemma Leal, Alicia Huertas, Davinia Sobrino, María Montoro; Silvia Ballesteros, Carolina Acosta, Judith Rodriguez, Monique Henrique, Alba Serrano, María Llorca, Anda Setu;18;FALSO;
BM Pozuelo Div. Oro vs Ciudad Imperial;0:19:55;0:20:09; T1; Ciudad Imperial; SAVE; OFFENSE_POSITIONAL; EQUALITY;5:01:00; ;30; María Llorca; cb;1; Paula Quiles; gk; RIGHT_9M;4; Noelia Domínguez, Noelia Delfa, Paula Quiles, Gemma Leal, Alicia Huertas, Davinia Sobrino, María Montoro; Silvia Ballesteros, Carolina Acosta, Judith Rodriguez, Monique Henrique, Alba Serrano, María Llorca, Anda Setu;18;FALSO;
BM Pozuelo Div. Oro vs Ciudad Imperial;0:20:09;0:20:19; T1; BM Pozuelo Div. Oro; GOAL; FAST_BREAK; EQUALITY;5:01:00; Paula Quiles;22; Davinia Sobrino; rw;31; Silvia Ballesteros; gk; ;; Noelia Domínguez, Noelia Delfa, Paula Quiles, Gemma Leal, Alicia Huertas, Davinia Sobrino, María Montoro; Silvia Ballesteros, Carolina Acosta, Judith Rodriguez, Monique Henrique, Alba Serrano, María Llorca, Anda Setu;19;FALSO;
BM Pozuelo Div. Oro vs Ciudad Imperial;0:20:19;0:21:10; T1; Ciudad Imperial; LOST_BALL; OFFENSE_POSITIONAL; EQUALITY;5:01:00; ;85; Bereket Garcia; lb;; ; ; ;; Noelia Domínguez, Noelia Delfa, Paula Quiles, Gemma Leal, Alicia Huertas, Davinia Sobrino, María Montoro; Silvia Ballesteros, Carolina Acosta, María Llorca, Bereket Garcia, Laura díaz, Lucía Rojas, Alba Serrano;19;FALSO;
BM Pozuelo Div. Oro vs Ciudad Imperial;0:21:10;0:21:18; T1; BM Pozuelo Div. Oro; LOST_BALL; OFFENSE_POSITIONAL; EQUALITY;5:01:00; ;30; Gemma Leal; lp;; ; ; ;; Noelia Domínguez, Noelia Delfa, Paula Quiles, Gemma Leal, Alicia Huertas, Davinia Sobrino, María Montoro; Silvia Ballesteros, Carolina Acosta, María Llorca, Bereket Garcia, Laura díaz, Lucía Rojas, Alba Serrano;20;FALSO;
BM Pozuelo Div. Oro vs Ciudad Imperial;0:21:18;0:21:31; T1; Ciudad Imperial; GOAL; OFFENSE_POSITIONAL; EQUALITY;5:01:00; ;85; Bereket Garcia; lb;1; Paula Quiles; gk; RIGHT_6M;7; Noelia Domínguez, Noelia Delfa, Paula Quiles, Gemma Leal, Alicia Huertas, Davinia Sobrino, María Montoro; Silvia Ballesteros, Carolina Acosta, María Llorca, Bereket Garcia, Laura díaz, Lucía Rojas, Alba Serrano;20;FALSO;
BM Pozuelo Div. Oro vs Ciudad Imperial;0:21:31;0:22:09; T1; BM Pozuelo Div. Oro; LOST_BALL; OFFENSE_POSITIONAL; EQUALITY;5:01:00; ;5; Lucía Martín; rb;85; Bereket Garcia; lb; ;; Noelia Domínguez, Noelia Delfa, Paula Quiles, Gemma Leal, Alicia Huertas, Davinia Sobrino, Lucía Martín; Silvia Ballesteros, Carolina Acosta, María Llorca, Bereket Garcia, Laura díaz, Lucía Rojas, Alba Serrano;21;FALSO;
BM Pozuelo Div. Oro vs Ciudad Imperial;0:22:09;0:22:16; T1; Ciudad Imperial; SAVE; OFFENSE_POSITIONAL; EQUALITY;5:01:00; ;55; Lucía Rojas; rw;1; Paula Quiles; gk; RIGHT_WING;9; Noelia Domínguez, Noelia Delfa, Paula Quiles, Gemma Leal, Alicia Huertas, Davinia Sobrino, Lucía Martín; Silvia Ballesteros, Carolina Acosta, María Llorca, Bereket Garcia, Laura díaz, Lucía Rojas, Alba Serrano;21;FALSO;
BM Pozuelo Div. Oro vs Ciudad Imperial;0:22:16;0:22:46; T1; BM Pozuelo Div. Oro; 7M_PROVOKE; OFFENSE_POSITIONAL; EQUALITY;5:01:00; ;9; Valentina Learreta; lb;18; Alba Serrano; cb; ;; Noelia Delfa, Paula Quiles, Gemma Leal, Alicia Huertas, Davinia Sobrino, Lucía Martín, Valentina Learreta; Silvia Ballesteros, Carolina Acosta, María Llorca, Bereket Garcia, Laura díaz, Lucía Rojas, Alba Serrano;22;FALSO;
BM Pozuelo Div. Oro vs Ciudad Imperial;0:22:46;0:23:26; T1; BM Pozuelo Div. Oro; GOAL; OFFENSE_POSITIONAL; EQUALITY;5:01:00; ;30; Gemma Leal; lp;31; Silvia Ballesteros; gk; 7_METERS;7; Noelia Delfa, Paula Quiles, Gemma Leal, Alicia Huertas, Davinia Sobrino, Lucía Martín, Valentina Learreta; Silvia Ballesteros, Carolina Acosta, María Llorca, Bereket Garcia, Laura díaz, Lucía Rojas, Alba Serrano;22;FALSO;
BM Pozuelo Div. Oro vs Ciudad Imperial;0:23:26;0:23:58; T1; Ciudad Imperial; FOUL_RECEIVE; OFFENSE_POSITIONAL; EQUALITY;5:01:00; ;85; Bereket Garcia; lb;20; María Montoro; lw; ;; Noelia Delfa, Paula Quiles, Gemma Leal, Alicia Huertas, Davinia Sobrino, Valentina Learreta, María Montoro; Silvia Ballesteros, Carolina Acosta, María Llorca, Bereket Garcia, Laura díaz, Lucía Rojas, Alba Serrano;22;FALSO;
BM Pozuelo Div. Oro vs Ciudad Imperial;0:23:58;0:24:12; T1; Ciudad Imperial; FOUL_RECEIVE; OFFENSE_POSITIONAL; EQUALITY;5:01:00; ;30; María Llorca; cb;20; María Montoro; lw; ;; Noelia Delfa, Paula Quiles, Gemma Leal, Alicia Huertas, Davinia Sobrino, Valentina Learreta, María Montoro; Silvia Ballesteros, Carolina Acosta, María Llorca, Bereket Garcia, Laura díaz, Lucía Rojas, Alba Serrano;22;FALSO;
BM Pozuelo Div. Oro vs Ciudad Imperial;0:24:12;0:24:21; T1; Ciudad Imperial; SAVE; OFFENSE_POSITIONAL; EQUALITY;5:01:00; ;30; María Llorca; cb;1; Paula Quiles; gk; CENTER_9M;7; Noelia Delfa, Paula Quiles, Gemma Leal, Alicia Huertas, Davinia Sobrino, Valentina Learreta, María Montoro; Silvia Ballesteros, Carolina Acosta, María Llorca, Bereket Garcia, Laura díaz, Lucía Rojas, Alba Serrano;22;FALSO;
BM Pozuelo Div. Oro vs Ciudad Imperial;0:24:21;0:24:59; T1; BM Pozuelo Div. Oro; FOUL_RECEIVE; OFFENSE_POSITIONAL; EQUALITY;5:01:00; ;5; Lucía Martín; rb;18; Alba Serrano; cb; ;; Noelia Delfa, Paula Quiles, Gemma Leal, Alicia Huertas, Davinia Sobrino, Valentina Learreta, Lucía Martín; Silvia Ballesteros, Carolina Acosta, María Llorca, Bereket Garcia, Laura díaz, Lucía Rojas, Alba Serrano;23;FALSO;
BM Pozuelo Div. Oro vs Ciudad Imperial;0:24:59;0:25:13; T1; BM Pozuelo Div. Oro; FOUL_RECEIVE; OFFENSE_POSITIONAL; EQUALITY;5:01:00; ;5; Lucía Martín; rb;85; Bereket Garcia; lb; ;; Noelia Delfa, Paula Quiles, Gemma Leal, Alicia Huertas, Davinia Sobrino, Valentina Learreta, Lucía Martín; Silvia Ballesteros, Carolina Acosta, María Llorca, Bereket Garcia, Laura díaz, Lucía Rojas, Alba Serrano;23;FALSO;
BM Pozuelo Div. Oro vs Ciudad Imperial;0:25:13;0:25:26; T1; BM Pozuelo Div. Oro; FOUL_RECEIVE; OFFENSE_POSITIONAL; EQUALITY;5:01:00; ;22; Davinia Sobrino; rw;40; Laura díaz; lp; ;; Noelia Delfa, Paula Quiles, Gemma Leal, Alicia Huertas, Davinia Sobrino, Valentina Learreta, Lucía Martín; Silvia Ballesteros, Carolina Acosta, María Llorca, Bereket Garcia, Laura díaz, Lucía Rojas, Alba Serrano;23;FALSO;
BM Pozuelo Div. Oro vs Ciudad Imperial;0:25:26;0:25:42; T1; BM Pozuelo Div. Oro; FOUL_RECEIVE; OFFENSE_POSITIONAL; EQUALITY;5:01:00; ;10; Alicia Huertas; lp;55; Lucía Rojas; rw; ;; Noelia Delfa, Paula Quiles, Gemma Leal, Alicia Huertas, Davinia Sobrino, Valentina Learreta, Lucía Martín; Silvia Ballesteros, Carolina Acosta, María Llorca, Bereket Garcia, Laura díaz, Lucía Rojas, Alba Serrano;23;FALSO;
BM Pozuelo Div. Oro vs Ciudad Imperial;0:25:42;0:25:53; T1; BM Pozuelo Div. Oro; GOAL; OFFENSE_POSITIONAL; EQUALITY;5:01:00; Noelia Delfa;9; Valentina Learreta; lb;31; Silvia Ballesteros; gk; LEFT_WING;7; Noelia Delfa, Paula Quiles, Gemma Leal, Alicia Huertas, Davinia Sobrino, Valentina Learreta, Lucía Martín; Silvia Ballesteros, Carolina Acosta, María Llorca, Bereket Garcia, Laura díaz, Lucía Rojas, Alba Serrano;23;FALSO;
BM Pozuelo Div. Oro vs Ciudad Imperial;0:25:53;0:26:20; T1; Ciudad Imperial; GOAL; OFFENSE_POSITIONAL; EQUALITY;5:01:00; María Llorca;18; Alba Serrano; cb;1; Paula Quiles; gk; RIGHT_6M;1; Noelia Delfa, Paula Quiles, Gemma Leal, Alicia Huertas, Davinia Sobrino, Valentina Learreta, María Montoro; Silvia Ballesteros, Carolina Acosta, María Llorca, Bereket Garcia, Laura díaz, Lucía Rojas, Alba Serrano;23;FALSO;
BM Pozuelo Div. Oro vs Ciudad Imperial;0:26:20;0:26:49; T1; BM Pozuelo Div. Oro; LOST_BALL; OFFENSE_POSITIONAL; EQUALITY;5:01:00; ;30; Gemma Leal; lp;; ; ; ;; Noelia Delfa, Paula Quiles, Gemma Leal, Alicia Huertas, Davinia Sobrino, Valentina Learreta, Lucía Martín; Silvia Ballesteros, Carolina Acosta, María Llorca, Bereket Garcia, Laura díaz, Lucía Rojas, Alba Serrano;24;FALSO;
BM Pozuelo Div. Oro vs Ciudad Imperial;0:26:49;0:27:00; T1; Ciudad Imperial; FOUL_RECEIVE; OFFENSE_POSITIONAL; EQUALITY;5:01:00; ;85; Bereket Garcia; lb;5; Lucía Martín; rb; ;; Noelia Delfa, Paula Quiles, Gemma Leal, Alicia Huertas, Davinia Sobrino, Valentina Learreta, Lucía Martín; Silvia Ballesteros, Carolina Acosta, María Llorca, Bereket Garcia, Laura díaz, Lucía Rojas, Alba Serrano;24;FALSO;
BM Pozuelo Div. Oro vs Ciudad Imperial;0:27:00;0:27:10; T1; Ciudad Imperial; FOUL_RECEIVE; OFFENSE_POSITIONAL; EQUALITY;5:01:00; ;40; Laura díaz; lp;30; Gemma Leal; lp; ;; Noelia Delfa, Paula Quiles, Gemma Leal, Alicia Huertas, Davinia Sobrino, Valentina Learreta, Lucía Martín; Silvia Ballesteros, Carolina Acosta, María Llorca, Bereket Garcia, Laura díaz, Lucía Rojas, Alba Serrano;24;FALSO;
BM Pozuelo Div. Oro vs Ciudad Imperial;0:27:10;0:27:25; T1; Ciudad Imperial; FOUL_RECEIVE; OFFENSE_POSITIONAL; EQUALITY;5:01:00; ;12; Carolina Acosta; lp;30; Gemma Leal; lp; ;; Noelia Delfa, Paula Quiles, Gemma Leal, Alicia Huertas, Davinia Sobrino, Valentina Learreta, Lucía Martín; Silvia Ballesteros, Carolina Acosta, María Llorca, Bereket Garcia, Laura díaz, Lucía Rojas, Alba Serrano;24;FALSO;
BM Pozuelo Div. Oro vs Ciudad Imperial;0:27:25;0:27:37; T1; Ciudad Imperial; SAVE; OFFENSE_POSITIONAL; EQUALITY;5:01:00; ;85; Bereket Garcia; lb;1; Paula Quiles; gk; CENTER_9M;9; Noelia Delfa, Paula Quiles, Gemma Leal, Alicia Huertas, Davinia Sobrino, Valentina Learreta, Lucía Martín; Silvia Ballesteros, Carolina Acosta, María Llorca, Bereket Garcia, Laura díaz, Lucía Rojas, Alba Serrano;24;FALSO;
BM Pozuelo Div. Oro vs Ciudad Imperial;0:27:37;0:28:23; T1; BM Pozuelo Div. Oro; 2MIN_PROVOKE; OFFENSE_POSITIONAL; EQUALITY;5:01:00; ;5; Lucía Martín; rb;40; Laura díaz; lp; ;; Noelia Delfa, Paula Quiles, Gemma Leal, Alicia Huertas, Davinia Sobrino, Valentina Learreta, Lucía Martín; Silvia Ballesteros, Carolina Acosta, María Llorca, Bereket Garcia, Lucía Rojas, Alba Serrano;25;FALSO;
BM Pozuelo Div. Oro vs Ciudad Imperial;0:28:23;0:28:23; T1; Ciudad Imperial; 2_MIN; OFFENSE_POSITIONAL; EQUALITY;5:01:00; ;40; Laura díaz; lp;; ; ; ;; Noelia Delfa, Paula Quiles, Gemma Leal, Alicia Huertas, Davinia Sobrino, Valentina Learreta, Lucía Martín; Silvia Ballesteros, Carolina Acosta, María Llorca, Bereket Garcia, Lucía Rojas, Alba Serrano;24;FALSO;
BM Pozuelo Div. Oro vs Ciudad Imperial;0:28:23;0:29:30; T1; BM Pozuelo Div. Oro; 7M_PROVOKE; OFFENSE_POSITIONAL; SUPERIORITY-6vs5;5:01:00; ;5; Lucía Martín; rb;18; Alba Serrano; cb; ;; Paula Quiles, Gemma Leal, Alicia Huertas, Valentina Learreta, Lucía Martín, Nayra Solis, María Laguna; Silvia Ballesteros, Carolina Acosta, María Llorca, Bereket Garcia, Lucía Rojas, Alba Serrano;25;FALSO;
BM Pozuelo Div. Oro vs Ciudad Imperial;0:29:30;0:29:40; T1; BM Pozuelo Div. Oro; GOAL; OFFENSE_POSITIONAL; SUPERIORITY-6vs5;5:01:00; ;30; Gemma Leal; lp;31; Silvia Ballesteros; gk; 7_METERS;9; Paula Quiles, Gemma Leal, Alicia Huertas, Valentina Learreta, Lucía Martín, Nayra Solis, María Laguna; Silvia Ballesteros, Carolina Acosta, María Llorca, Bereket Garcia, Lucía Rojas, Alba Serrano;25;FALSO;
BM Pozuelo Div. Oro vs Ciudad Imperial;0:29:40;0:30:27; T1; Ciudad Imperial; FOUL_RECEIVE; OFFENSE_POSITIONAL; EQUALITY-5+1vs6;5:01:00; ;85; Bereket Garcia; lb;10; Alicia Huertas; lp; ;; Paula Quiles, Gemma Leal, Alicia Huertas, Valentina Learreta, Nayra Solis, María Laguna, María Montoro; Carolina Acosta, María Llorca, Bereket Garcia, Lucía Rojas, Alba Serrano, Judith Rodriguez;25;FALSO;
BM Pozuelo Div. Oro vs Ciudad Imperial;0:30:27;0:30:48; T1; Ciudad Imperial; LOST_BALL; OFFENSE_POSITIONAL; EQUALITY-5+1vs6;5:01:00; ;30; María Llorca; cb;; ; ; ;; Paula Quiles, Gemma Leal, Alicia Huertas, Valentina Learreta, Nayra Solis, María Laguna, María Montoro; Carolina Acosta, María Llorca, Bereket Garcia, Lucía Rojas, Alba Serrano, Judith Rodriguez;25;FALSO;
BM Pozuelo Div. Oro vs Ciudad Imperial;0:30:48;0:31:19; T1; BM Pozuelo Div. Oro; FOUL_RECEIVE; OFFENSE_POSITIONAL; INFERIORITY-6vs7;5:01:00; ;5; Lucía Martín; rb;40; Laura díaz; lp; ;; Paula Quiles, Gemma Leal, Alicia Huertas, Valentina Learreta, Nayra Solis, María Laguna, Lucía Martín; Carolina Acosta, María Llorca, Bereket Garcia, Lucía Rojas, Alba Serrano, Judith Rodriguez, Laura díaz;26;FALSO;
BM Pozuelo Div. Oro vs Ciudad Imperial;0:31:19;0:31:43; T1; BM Pozuelo Div. Oro; LOST_BALL; OFFENSE_POSITIONAL; INFERIORITY-6vs7;5:01:00; ;10; Alicia Huertas; lp;30; María Llorca; cb; ;; Paula Quiles, Gemma Leal, Alicia Huertas, Valentina Learreta, Nayra Solis, María Laguna, Lucía Martín; Carolina Acosta, María Llorca, Bereket Garcia, Lucía Rojas, Alba Serrano, Judith Rodriguez, Laura díaz;26;FALSO;
BM Pozuelo Div. Oro vs Ciudad Imperial;0:31:43;0:32:42; T1; Ciudad Imperial; GOAL; OFFENSE_POSITIONAL; EQUALITY;5:01:00; ;55; Lucía Rojas; rw;1; Paula Quiles; gk; RIGHT_WING;7; Paula Quiles, Gemma Leal, Alicia Huertas, Valentina Learreta, Nayra Solis, María Laguna, Lucía Martín; Carolina Acosta, María Llorca, Bereket Garcia, Lucía Rojas, Alba Serrano, Laura díaz, Belén Becerra;26;FALSO;
BM Pozuelo Div. Oro vs Ciudad Imperial;0:32:42;0:32:52; T1; BM Pozuelo Div. Oro; FOUL_RECEIVE; OFFENSE_POSITIONAL; EQUALITY;5:01:00; ;9; Valentina Learreta; lb;30; María Llorca; cb; ;; Paula Quiles, Gemma Leal, Alicia Huertas, Valentina Learreta, Nayra Solis, María Laguna, Lucía Martín; Carolina Acosta, María Llorca, Bereket Garcia, Lucía Rojas, Alba Serrano, Laura díaz, Belén Becerra;27;FALSO;
BM Pozuelo Div. Oro vs Ciudad Imperial;0:32:52;0:33:24; T1; BM Pozuelo Div. Oro; SAVE; OFFENSE_POSITIONAL; EQUALITY;6:00:00; ;4; Nayra Solis; rw;16; Belén Becerra; gk; RIGHT_WING;1; Paula Quiles, Gemma Leal, Alicia Huertas, Valentina Learreta, Nayra Solis, María Laguna, Lucía Martín; Carolina Acosta, María Llorca, Bereket Garcia, Lucía Rojas, Alba Serrano, Laura díaz, Belén Becerra;27;FALSO;
BM Pozuelo Div. Oro vs Ciudad Imperial;0:33:24;0:33:59; T1; Ciudad Imperial; POST_OUT; OFFENSE_POSITIONAL; EQUALITY;5:01:00; ;85; Bereket Garcia; lb;1; Paula Quiles; gk; CENTER_9M;11; Paula Quiles, Gemma Leal, Alicia Huertas, Valentina Learreta, Nayra Solis, María Laguna, Lucía Martín; Carolina Acosta, María Llorca, Bereket Garcia, Lucía Rojas, Alba Serrano, Laura díaz, Belén Becerra;27;FALSO;
BM Pozuelo Div. Oro vs Ciudad Imperial;0:33:59;0:34:10; T1; BM Pozuelo Div. Oro; FOUL_RECEIVE; OFFENSE_POSITIONAL; EQUALITY;6:00:00; ;4; Nayra Solis; rw;18; Alba Serrano; cb; ;; Paula Quiles, Gemma Leal, Alicia Huertas, Valentina Learreta, Nayra Solis, María Laguna, Lucía Martín; Carolina Acosta, María Llorca, Bereket Garcia, Lucía Rojas, Alba Serrano, Laura díaz, Belén Becerra;28;FALSO;
BM Pozuelo Div. Oro vs Ciudad Imperial;0:34:10;0:34:26; T1; BM Pozuelo Div. Oro; GOAL; OFFENSE_POSITIONAL; EQUALITY;6:00:00; ;5; Lucía Martín; rb;16; Belén Becerra; gk; RIGHT_6M;9; Paula Quiles, Gemma Leal, Alicia Huertas, Valentina Learreta, Nayra Solis, María Laguna, Lucía Martín; Carolina Acosta, María Llorca, Bereket Garcia, Lucía Rojas, Alba Serrano, Laura díaz, Belén Becerra;28;FALSO;
BM Pozuelo Div. Oro vs Ciudad Imperial;0:34:26;0:34:46; T1; Ciudad Imperial; POST_OUT; OFFENSE_POSITIONAL; EQUALITY;5:01:00; ;18; Alba Serrano; cb;1; Paula Quiles; gk; CENTER_9M;10; Paula Quiles, Gemma Leal, Alicia Huertas, Valentina Learreta, Nayra Solis, María Laguna, Lucía Martín; Carolina Acosta, María Llorca, Bereket Garcia, Lucía Rojas, Alba Serrano, Laura díaz, Belén Becerra;28;FALSO;
BM Pozuelo Div. Oro vs Ciudad Imperial;0:34:46;0:34:52; T1; Ciudad Imperial; FIRST_HALF_END; OFFENSE_POSITIONAL; EQUALITY;5:01:00; ;; ; ;; ; ; ;; Paula Quiles, Gemma Leal, Alicia Huertas, Valentina Learreta, Nayra Solis, María Laguna, Lucía Martín; Carolina Acosta, María Llorca, Bereket Garcia, Lucía Rojas, Alba Serrano, Laura díaz, Belén Becerra;28;FALSO;
BM Pozuelo Div. Oro vs Ciudad Imperial;0:34:52;0:34:52; T2; Ciudad Imperial; SECOND_HALF_START; OFFENSE_POSITIONAL; EQUALITY;5:01:00; ;; ; ;; ; ; ;; Paula Quiles, Gemma Leal, Alicia Huertas, Valentina Learreta, Nayra Solis, María Laguna, Lucía Martín; María Llorca, Bereket Garcia, Lucía Rojas, Belén Becerra, Sara Correa, Anda Setu, Cristina Sánchez;28;FALSO;
BM Pozuelo Div. Oro vs Ciudad Imperial;0:34:52;0:35:21; T2; Ciudad Imperial; GOAL; OFFENSE_POSITIONAL; EQUALITY;5:01:00; ;34; Cristina Sánchez; lp;1; Paula Quiles; gk; RIGHT_WING;4; Paula Quiles, Alicia Huertas, Lucía Martín, Noelia Domínguez, Yaiza Alonso, Davinia Sobrino, Violeta Triguerro; María Llorca, Bereket Garcia, Lucía Rojas, Belén Becerra, Sara Correa, Anda Setu, Cristina Sánchez;28;FALSO;
BM Pozuelo Div. Oro vs Ciudad Imperial;0:35:21;0:35:30; T2; BM Pozuelo Div. Oro; FOUL_RECEIVE; OFFENSE_POSITIONAL; EQUALITY;6:00:00; ;22; Davinia Sobrino; rw;34; Cristina Sánchez; lp; ;; Paula Quiles, Alicia Huertas, Lucía Martín, Noelia Domínguez, Yaiza Alonso, Davinia Sobrino, Violeta Triguerro; María Llorca, Bereket Garcia, Lucía Rojas, Belén Becerra, Sara Correa, Anda Setu, Cristina Sánchez;29;FALSO;
BM Pozuelo Div. Oro vs Ciudad Imperial;0:35:30;0:35:47; T2; BM Pozuelo Div. Oro; GOAL; OFFENSE_POSITIONAL; EQUALITY;6:00:00; ;21; Violeta Triguerro; cb;16; Belén Becerra; gk; LEFT_6M;7; Paula Quiles, Lucía Martín, Noelia Domínguez, Yaiza Alonso, Davinia Sobrino, Violeta Triguerro, Gemma Leal; María Llorca, Bereket Garcia, Lucía Rojas, Belén Becerra, Sara Correa, Anda Setu, Cristina Sánchez;29;FALSO;
BM Pozuelo Div. Oro vs Ciudad Imperial;0:35:47;0:36:19; T2; Ciudad Imperial; GOAL; OFFENSE_POSITIONAL; EQUALITY;5:01:00; ;30; María Llorca; cb;1; Paula Quiles; gk; CENTER_9M;1; Paula Quiles, Lucía Martín, Noelia Domínguez, Yaiza Alonso, Davinia Sobrino, Violeta Triguerro, Alicia Huertas; María Llorca, Bereket Garcia, Lucía Rojas, Belén Becerra, Sara Correa, Anda Setu, Cristina Sánchez;29;FALSO;
BM Pozuelo Div. Oro vs Ciudad Imperial;0:36:19;0:37:00; T2; BM Pozuelo Div. Oro; FOUL_RECEIVE; OFFENSE_POSITIONAL; EQUALITY;6:00:00; ;30; Gemma Leal; lp;11; Sara Correa; lw; ;; Paula Quiles, Lucía Martín, Noelia Domínguez, Yaiza Alonso, Davinia Sobrino, Violeta Triguerro, Gemma Leal; María Llorca, Bereket Garcia, Lucía Rojas, Belén Becerra, Sara Correa, Anda Setu, Cristina Sánchez;30;FALSO;
BM Pozuelo Div. Oro vs Ciudad Imperial;0:37:00;0:37:13; T2; BM Pozuelo Div. Oro; FOUL_RECEIVE; OFFENSE_POSITIONAL; EQUALITY;6:00:00; ;21; Violeta Triguerro; cb;; ; ; ;; Paula Quiles, Lucía Martín, Noelia Domínguez, Yaiza Alonso, Davinia Sobrino, Violeta Triguerro, Gemma Leal; María Llorca, Bereket Garcia, Lucía Rojas, Belén Becerra, Sara Correa, Anda Setu, Cristina Sánchez;30;FALSO;
BM Pozuelo Div. Oro vs Ciudad Imperial;0:37:13;0:37:23; T2; BM Pozuelo Div. Oro; 7M_PROVOKE; OFFENSE_POSITIONAL; EQUALITY;6:00:00; ;5; Lucía Martín; rb;; ; ; ;; Paula Quiles, Lucía Martín, Noelia Domínguez, Yaiza Alonso, Davinia Sobrino, Violeta Triguerro, Gemma Leal; María Llorca, Bereket Garcia, Lucía Rojas, Belén Becerra, Sara Correa, Anda Setu, Cristina Sánchez;30;FALSO;
BM Pozuelo Div. Oro vs Ciudad Imperial;0:37:23;0:37:33; T2; BM Pozuelo Div. Oro; GOAL; OFFENSE_POSITIONAL; EQUALITY;6:00:00; ;30; Gemma Leal; lp;16; Belén Becerra; gk; 7_METERS;1; Paula Quiles, Lucía Martín, Noelia Domínguez, Yaiza Alonso, Davinia Sobrino, Violeta Triguerro, Gemma Leal; María Llorca, Bereket Garcia, Lucía Rojas, Belén Becerra, Sara Correa, Anda Setu, Cristina Sánchez;30;FALSO;
BM Pozuelo Div. Oro vs Ciudad Imperial;0:37:33;0:38:08; T2; Ciudad Imperial; GOAL; OFFENSE_POSITIONAL; EQUALITY;5:01:00; ;93; Monique Henrique; lb;1; Paula Quiles; gk; LEFT_9M;9; Paula Quiles, Lucía Martín, Noelia Domínguez, Yaiza Alonso, Davinia Sobrino, Violeta Triguerro, Alicia Huertas; María Llorca, Lucía Rojas, Belén Becerra, Sara Correa, Anda Setu, Cristina Sánchez, Monique Henrique;30;FALSO;
BM Pozuelo Div. Oro vs Ciudad Imperial;0:38:08;0:38:42; T2; BM Pozuelo Div. Oro; GOAL; OFFENSE_POSITIONAL; EQUALITY;6:00:00; Lucía Martín;77; Yaiza Alonso; lp;16; Belén Becerra; gk; RIGHT_6M;7; Paula Quiles, Lucía Martín, Noelia Domínguez, Yaiza Alonso, Davinia Sobrino, Violeta Triguerro, Gemma Leal; María Llorca, Lucía Rojas, Belén Becerra, Sara Correa, Anda Setu, Cristina Sánchez, Monique Henrique;31;FALSO;
BM Pozuelo Div. Oro vs Ciudad Imperial;0:38:42;0:39:12; T2; Ciudad Imperial; LOST_BALL; OFFENSE_POSITIONAL; EQUALITY;5:01:00; ;11; Sara Correa; lw;21; Violeta Triguerro; cb; ;; Paula Quiles, Lucía Martín, Noelia Domínguez, Yaiza Alonso, Davinia Sobrino, Violeta Triguerro, Alicia Huertas; María Llorca, Lucía Rojas, Belén Becerra, Sara Correa, Anda Setu, Cristina Sánchez, Monique Henrique;31;FALSO;
BM Pozuelo Div. Oro vs Ciudad Imperial;0:39:12;0:39:30; T2; BM Pozuelo Div. Oro; GOAL; FAST_BREAK; EQUALITY;6:00:00; Violeta Triguerro;77; Yaiza Alonso; lp;16; Belén Becerra; gk; ;; Paula Quiles, Lucía Martín, Noelia Domínguez, Yaiza Alonso, Davinia Sobrino, Violeta Triguerro, Alicia Huertas; María Llorca, Lucía Rojas, Belén Becerra, Sara Correa, Anda Setu, Cristina Sánchez, Monique Henrique;32;FALSO;
BM Pozuelo Div. Oro vs Ciudad Imperial;0:39:30;0:40:18; T2; Ciudad Imperial; GOAL; OFFENSE_POSITIONAL; EQUALITY;5:01:00; Monique Henrique;18; Alba Serrano; cb;1; Paula Quiles; gk; LEFT_WING;7; Paula Quiles, Lucía Martín, Noelia Domínguez, Yaiza Alonso, Davinia Sobrino, Violeta Triguerro, Alicia Huertas; María Llorca, Belén Becerra, Sara Correa, Anda Setu, Cristina Sánchez, Monique Henrique, Alba Serrano;32;FALSO;
BM Pozuelo Div. Oro vs Ciudad Imperial;0:40:18;0:40:37; T2; BM Pozuelo Div. Oro; FOUL_RECEIVE; OFFENSE_POSITIONAL; EQUALITY;6:00:00; ;30; Gemma Leal; lp;93; Monique Henrique; lb; ;; Paula Quiles, Lucía Martín, Noelia Domínguez, Yaiza Alonso, Davinia Sobrino, Violeta Triguerro, Gemma Leal; María Llorca, Belén Becerra, Sara Correa, Anda Setu, Cristina Sánchez, Monique Henrique, Alba Serrano;33;FALSO;
BM Pozuelo Div. Oro vs Ciudad Imperial;0:40:37;0:40:53; T2; BM Pozuelo Div. Oro; LOST_BALL; OFFENSE_POSITIONAL; EQUALITY;6:00:00; ;30; Gemma Leal; lp;; ; ; ;; Paula Quiles, Lucía Martín, Noelia Domínguez, Yaiza Alonso, Davinia Sobrino, Violeta Triguerro, Gemma Leal; María Llorca, Belén Becerra, Sara Correa, Anda Setu, Cristina Sánchez, Monique Henrique, Alba Serrano;33;FALSO;
BM Pozuelo Div. Oro vs Ciudad Imperial;0:40:53;0:41:34; T2; Ciudad Imperial; SAVE; OFFENSE_POSITIONAL; EQUALITY;5:01:00; ;93; Monique Henrique; lb;1; Paula Quiles; gk; LEFT_9M;6; Paula Quiles, Lucía Martín, Noelia Domínguez, Yaiza Alonso, Davinia Sobrino, Violeta Triguerro, Gemma Leal; María Llorca, Belén Becerra, Sara Correa, Anda Setu, Cristina Sánchez, Monique Henrique, Alba Serrano;33;FALSO;
BM Pozuelo Div. Oro vs Ciudad Imperial;0:41:34;0:41:54; T2; Ciudad Imperial; SAVE; OFFENSE_POSITIONAL; EQUALITY;5:01:00; ;93; Monique Henrique; lb;1; Paula Quiles; gk; CENTER_9M;7; Paula Quiles, Lucía Martín, Noelia Domínguez, Yaiza Alonso, Davinia Sobrino, Violeta Triguerro, Gemma Leal; María Llorca, Belén Becerra, Sara Correa, Anda Setu, Cristina Sánchez, Monique Henrique, Alba Serrano;33;FALSO;
BM Pozuelo Div. Oro vs Ciudad Imperial;0:41:54;0:42:12; T2; BM Pozuelo Div. Oro; GOAL; OFFENSE_POSITIONAL; EQUALITY;6:00:00; Lucía Martín;8; Mika Bochieri; rw;16; Belén Becerra; gk; RIGHT_WING;9; Paula Quiles, Lucía Martín, Noelia Domínguez, Yaiza Alonso, Violeta Triguerro, Gemma Leal, Mika Bochieri; María Llorca, Belén Becerra, Sara Correa, Anda Setu, Cristina Sánchez, Monique Henrique, Alba Serrano;34;FALSO;
BM Pozuelo Div. Oro vs Ciudad Imperial;0:42:12;0:42:45; T2; Ciudad Imperial; SAVE; OFFENSE_POSITIONAL; EQUALITY;5:01:00; ;34; Cristina Sánchez; lp;1; Paula Quiles; gk; LEFT_6M;4; Paula Quiles, Lucía Martín, Noelia Domínguez, Yaiza Alonso, Violeta Triguerro, Mika Bochieri, Alicia Huertas; María Llorca, Belén Becerra, Sara Correa, Anda Setu, Cristina Sánchez, Monique Henrique, Alba Serrano;34;FALSO;
BM Pozuelo Div. Oro vs Ciudad Imperial;0:42:45;0:42:54; T2; Ciudad Imperial; SAVE; OFFENSE_POSITIONAL; EQUALITY;5:01:00; ;30; María Llorca; cb;1; Paula Quiles; gk; ;7; Paula Quiles, Lucía Martín, Noelia Domínguez, Yaiza Alonso, Violeta Triguerro, Mika Bochieri, Alicia Huertas; María Llorca, Belén Becerra, Sara Correa, Anda Setu, Cristina Sánchez, Monique Henrique, Alba Serrano;34;FALSO;
BM Pozuelo Div. Oro vs Ciudad Imperial;0:42:54;0:43:09; T2; Ciudad Imperial; SAVE; OFFENSE_POSITIONAL; EQUALITY;5:01:00; ;30; María Llorca; cb;1; Paula Quiles; gk; CENTER_6M;4; Paula Quiles, Lucía Martín, Noelia Domínguez, Yaiza Alonso, Violeta Triguerro, Mika Bochieri, Alicia Huertas; María Llorca, Belén Becerra, Sara Correa, Anda Setu, Cristina Sánchez, Monique Henrique, Alba Serrano;34;FALSO;
BM Pozuelo Div. Oro vs Ciudad Imperial;0:43:09;0:43:27; T2; BM Pozuelo Div. Oro; GOAL; FAST_BREAK; EQUALITY;6:00:00; Violeta Triguerro;77; Yaiza Alonso; lp;16; Belén Becerra; gk; LEFT_6M;1; Paula Quiles, Lucía Martín, Noelia Domínguez, Yaiza Alonso, Violeta Triguerro, Mika Bochieri, Alicia Huertas; María Llorca, Belén Becerra, Sara Correa, Anda Setu, Cristina Sánchez, Monique Henrique, Alba Serrano;35;FALSO;
BM Pozuelo Div. Oro vs Ciudad Imperial;0:43:27;0:44:01; T2; Ciudad Imperial; LOST_BALL; OFFENSE_POSITIONAL; EQUALITY;5:01:00; ;11; Sara Correa; lw;2; Noelia Domínguez; lw; ;; Paula Quiles, Lucía Martín, Noelia Domínguez, Yaiza Alonso, Violeta Triguerro, Mika Bochieri, Alicia Huertas; María Llorca, Belén Becerra, Sara Correa, Anda Setu, Cristina Sánchez, Monique Henrique, Alba Serrano;35;FALSO;
BM Pozuelo Div. Oro vs Ciudad Imperial;0:44:01;0:44:34; T2; BM Pozuelo Div. Oro; LOST_BALL; OFFENSE_POSITIONAL; EQUALITY;6:00:00; ;5; Lucía Martín; rb;; ; ; ;; Paula Quiles, Lucía Martín, Noelia Domínguez, Yaiza Alonso, Violeta Triguerro, Mika Bochieri, Alicia Huertas; María Llorca, Belén Becerra, Sara Correa, Anda Setu, Cristina Sánchez, Monique Henrique, Alba Serrano;36;FALSO;
BM Pozuelo Div. Oro vs Ciudad Imperial;0:44:34;0:45:02; T2; Ciudad Imperial; SAVE; OFFENSE_POSITIONAL; EQUALITY;5:01:00; ;30; María Llorca; cb;1; Paula Quiles; gk; RIGHT_6M;7; Paula Quiles, Lucía Martín, Noelia Domínguez, Yaiza Alonso, Violeta Triguerro, Mika Bochieri, Alicia Huertas; María Llorca, Belén Becerra, Sara Correa, Anda Setu, Cristina Sánchez, Monique Henrique, Alba Serrano;36;FALSO;
BM Pozuelo Div. Oro vs Ciudad Imperial;0:45:02;0:45:34; T2; BM Pozuelo Div. Oro; SAVE; OFFENSE_POSITIONAL; EQUALITY;6:00:00; ;8; Mika Bochieri; rw;16; Belén Becerra; gk; RIGHT_WING;9; Paula Quiles, Lucía Martín, Noelia Domínguez, Yaiza Alonso, Violeta Triguerro, Alicia Huertas, Mika Bochieri; María Llorca, Belén Becerra, Sara Correa, Anda Setu, Cristina Sánchez, Monique Henrique, Alba Serrano;37;FALSO;
BM Pozuelo Div. Oro vs Ciudad Imperial;0:45:34;0:46:08; T2; Ciudad Imperial; 2MIN_PROVOKE; OFFENSE_POSITIONAL; EQUALITY;5:01:00; ;34; Cristina Sánchez; lp;22; Davinia Sobrino; rw; ;; Paula Quiles, Lucía Martín, Noelia Domínguez, Yaiza Alonso, Violeta Triguerro, Alicia Huertas; María Llorca, Belén Becerra, Sara Correa, Anda Setu, Cristina Sánchez, Monique Henrique, Alba Serrano;37;FALSO;
BM Pozuelo Div. Oro vs Ciudad Imperial;0:46:08;0:46:08; T2; BM Pozuelo Div. Oro; 2_MIN; OFFENSE_POSITIONAL; EQUALITY;6:00:00; ;22; Davinia Sobrino; rw;; ; ; ;; Paula Quiles, Lucía Martín, Noelia Domínguez, Yaiza Alonso, Violeta Triguerro, Alicia Huertas; María Llorca, Belén Becerra, Sara Correa, Anda Setu, Cristina Sánchez, Monique Henrique, Alba Serrano;37;FALSO;
BM Pozuelo Div. Oro vs Ciudad Imperial;0:46:08;0:46:10; T2; Ciudad Imperial; GOAL; OFFENSE_POSITIONAL; SUPERIORITY-6vs5;5:01:00; ;11; Sara Correa; lw;1; Paula Quiles; gk; RIGHT_6M;1; Paula Quiles, Lucía Martín, Noelia Domínguez, Yaiza Alonso, Violeta Triguerro, Alicia Huertas; María Llorca, Belén Becerra, Sara Correa, Anda Setu, Cristina Sánchez, Monique Henrique, Alba Serrano;37;FALSO;
BM Pozuelo Div. Oro vs Ciudad Imperial;0:46:10;0:46:18; T2; BM Pozuelo Div. Oro; GOAL; COUNTER_GOAL; INFERIORITY-5vs6;6:00:00; ;5; Lucía Martín; rb;16; Belén Becerra; gk; RIGHT_6M;2; Paula Quiles, Lucía Martín, Noelia Domínguez, Yaiza Alonso, Violeta Triguerro, Alicia Huertas; María Llorca, Belén Becerra, Sara Correa, Anda Setu, Cristina Sánchez, Monique Henrique, Alba Serrano;38;FALSO;
BM Pozuelo Div. Oro vs Ciudad Imperial;0:46:18;0:46:53; T2; Ciudad Imperial; GOAL; OFFENSE_POSITIONAL; SUPERIORITY-6vs5;5:01:00; ;11; Sara Correa; lw;1; Paula Quiles; gk; RIGHT_WING;2; Paula Quiles, Lucía Martín, Noelia Domínguez, Yaiza Alonso, Violeta Triguerro, Alicia Huertas; María Llorca, Belén Becerra, Sara Correa, Anda Setu, Cristina Sánchez, Monique Henrique, Alba Serrano;38;FALSO;
BM Pozuelo Div. Oro vs Ciudad Imperial;0:46:53;0:47:19; T2; BM Pozuelo Div. Oro; GOAL; OFFENSE_POSITIONAL; INFERIORITY-5vs6;6:00:00; ;30; Gemma Leal; lp;16; Belén Becerra; gk; LEFT_6M;6; Paula Quiles, Lucía Martín, Noelia Domínguez, Yaiza Alonso, Violeta Triguerro, Gemma Leal; María Llorca, Belén Becerra, Sara Correa, Anda Setu, Cristina Sánchez, Monique Henrique, Alba Serrano;39;FALSO;
BM Pozuelo Div. Oro vs Ciudad Imperial;0:47:19;0:48:08; T2; Ciudad Imperial; FOUL_RECEIVE; OFFENSE_POSITIONAL; SUPERIORITY-6vs5;5:01:00; ;30; María Llorca; cb;77; Yaiza Alonso; lp; ;; Paula Quiles, Lucía Martín, Noelia Domínguez, Yaiza Alonso, Violeta Triguerro, Alicia Huertas; María Llorca, Belén Becerra, Sara Correa, Anda Setu, Cristina Sánchez, Monique Henrique, Alba Serrano;39;FALSO;
BM Pozuelo Div. Oro vs Ciudad Imperial;0:48:08;0:48:18; T2; Ciudad Imperial; GOAL; OFFENSE_POSITIONAL; SUPERIORITY-6vs5;5:01:00; ;11; Sara Correa; lw;1; Paula Quiles; gk; RIGHT_WING;7; Paula Quiles, Lucía Martín, Noelia Domínguez, Yaiza Alonso, Violeta Triguerro, Alicia Huertas; María Llorca, Belén Becerra, Sara Correa, Anda Setu, Cristina Sánchez, Monique Henrique, Alba Serrano;39;FALSO;
BM Pozuelo Div. Oro vs Ciudad Imperial;0:48:18;0:48:48; T2; BM Pozuelo Div. Oro; POST_OUT; OFFENSE_POSITIONAL; EQUALITY;6:00:00; ;8; Mika Bochieri; rw;16; Belén Becerra; gk; CENTER_6M;10; Paula Quiles, Lucía Martín, Noelia Domínguez, Yaiza Alonso, Violeta Triguerro, Gemma Leal, Mika Bochieri; María Llorca, Belén Becerra, Sara Correa, Anda Setu, Cristina Sánchez, Monique Henrique, Alba Serrano;40;FALSO;
BM Pozuelo Div. Oro vs Ciudad Imperial;0:48:48;0:49:02; T2; Ciudad Imperial; POST_OUT; OFFENSE_POSITIONAL; EQUALITY;5:01:00; ;30; María Llorca; cb;1; Paula Quiles; gk; RIGHT_6M;10; Paula Quiles, Lucía Martín, Noelia Domínguez, Yaiza Alonso, Violeta Triguerro, Gemma Leal, Mika Bochieri; María Llorca, Belén Becerra, Sara Correa, Anda Setu, Cristina Sánchez, Monique Henrique, Alba Serrano;40;FALSO;
BM Pozuelo Div. Oro vs Ciudad Imperial;0:49:02;0:49:22; T2; BM Pozuelo Div. Oro; SAVE; OFFENSE_POSITIONAL; EQUALITY;6:00:00; ;30; Gemma Leal; lp;16; Belén Becerra; gk; CENTER_6M;1; Paula Quiles, Lucía Martín, Noelia Domínguez, Yaiza Alonso, Violeta Triguerro, Gemma Leal, Mika Bochieri; María Llorca, Belén Becerra, Sara Correa, Anda Setu, Cristina Sánchez, Monique Henrique, Alba Serrano;41;FALSO;
BM Pozuelo Div. Oro vs Ciudad Imperial;0:49:22;0:50:03; T2; Ciudad Imperial; LOST_BALL; OFFENSE_POSITIONAL; EQUALITY;5:01:00; ;11; Sara Correa; lw;; ; ; ;; Paula Quiles, Lucía Martín, Noelia Domínguez, Yaiza Alonso, Violeta Triguerro, Mika Bochieri, María Montoro; María Llorca, Belén Becerra, Sara Correa, Anda Setu, Cristina Sánchez, Monique Henrique, Alba Serrano;41;FALSO;
BM Pozuelo Div. Oro vs Ciudad Imperial;0:50:03;0:50:10; T2; BM Pozuelo Div. Oro; LOST_BALL; OFFENSE_POSITIONAL; EQUALITY;6:00:00; ;21; Violeta Triguerro; cb;; ; ; ;; Paula Quiles, Lucía Martín, Noelia Domínguez, Yaiza Alonso, Violeta Triguerro, Mika Bochieri, María Montoro; María Llorca, Belén Becerra, Sara Correa, Anda Setu, Cristina Sánchez, Monique Henrique, Alba Serrano;42;FALSO;
BM Pozuelo Div. Oro vs Ciudad Imperial;0:50:10;0:51:20; T2; Ciudad Imperial; LOST_BALL; OFFENSE_POSITIONAL; EQUALITY;5:01:00; ;34; Cristina Sánchez; lp;5; Lucía Martín; rb; ;; Paula Quiles, Lucía Martín, Noelia Domínguez, Violeta Triguerro, Mika Bochieri, María Montoro, Gemma Leal; María Llorca, Belén Becerra, Sara Correa, Anda Setu, Cristina Sánchez, Monique Henrique, Alba Serrano;42;FALSO;
BM Pozuelo Div. Oro vs Ciudad Imperial;0:51:20;0:51:28; T2; BM Pozuelo Div. Oro; SAVE; OFFENSE_POSITIONAL; EQUALITY;6:00:00; ;8; Mika Bochieri; rw;16; Belén Becerra; gk; RIGHT_WING;6; Paula Quiles, Lucía Martín, Noelia Domínguez, Violeta Triguerro, Mika Bochieri, María Montoro, Gemma Leal; María Llorca, Belén Becerra, Sara Correa, Anda Setu, Cristina Sánchez, Monique Henrique, Alba Serrano;43;FALSO;
BM Pozuelo Div. Oro vs Ciudad Imperial;0:51:28;0:51:57; T2; Ciudad Imperial; 7M_PROVOKE; OFFENSE_POSITIONAL; EQUALITY;5:01:00; ;30; María Llorca; cb;5; Lucía Martín; rb; ;; Paula Quiles, Lucía Martín, Noelia Domínguez, Violeta Triguerro, Mika Bochieri, María Montoro, Gemma Leal; María Llorca, Belén Becerra, Sara Correa, Anda Setu, Cristina Sánchez, Monique Henrique, Alba Serrano;43;FALSO;
BM Pozuelo Div. Oro vs Ciudad Imperial;0:51:57;0:52:13; T2; Ciudad Imperial; GOAL; OFFENSE_POSITIONAL; EQUALITY;5:01:00; ;18; Alba Serrano; cb;1; Paula Quiles; gk; 7_METERS;9; Paula Quiles, Lucía Martín, Noelia Domínguez, Violeta Triguerro, Mika Bochieri, María Montoro, Gemma Leal; María Llorca, Belén Becerra, Sara Correa, Anda Setu, Cristina Sánchez, Monique Henrique, Alba Serrano;43;FALSO;
BM Pozuelo Div. Oro vs Ciudad Imperial;0:52:13;0:53:11; T2; BM Pozuelo Div. Oro; FOUL_RECEIVE; OFFENSE_POSITIONAL; EQUALITY;6:00:00; ;9; Valentina Learreta; lb;11; Sara Correa; lw; ;; Paula Quiles, Noelia Domínguez, Mika Bochieri, Noelia Delfa, Yaiza Alonso, María Laguna, Valentina Learreta; María Llorca, Belén Becerra, Sara Correa, Anda Setu, Cristina Sánchez, Monique Henrique, Alba Serrano;44;FALSO;
BM Pozuelo Div. Oro vs Ciudad Imperial;0:53:11;0:53:23; T2; BM Pozuelo Div. Oro; SAVE; OFFENSE_POSITIONAL; EQUALITY;6:00:00; ;9; Valentina Learreta; lb;16; Belén Becerra; gk; RIGHT_6M;7; Paula Quiles, Noelia Domínguez, Mika Bochieri, Noelia Delfa, Yaiza Alonso, María Laguna, Valentina Learreta; María Llorca, Belén Becerra, Sara Correa, Anda Setu, Cristina Sánchez, Monique Henrique, Alba Serrano;44;FALSO;
BM Pozuelo Div. Oro vs Ciudad Imperial;0:53:23;0:53:59; T2; Ciudad Imperial; 7M_PROVOKE; OFFENSE_POSITIONAL; EQUALITY;5:01:00; ;11; Sara Correa; lw;11; Noelia Delfa; cb; ;; Paula Quiles, Noelia Domínguez, Mika Bochieri, Noelia Delfa, María Laguna, Valentina Learreta, María Montoro; María Llorca, Belén Becerra, Sara Correa, Anda Setu, Cristina Sánchez, Monique Henrique, Alba Serrano;44;FALSO;
BM Pozuelo Div. Oro vs Ciudad Imperial;0:53:59;0:54:20; T2; Ciudad Imperial; SAVE; OFFENSE_POSITIONAL; EQUALITY;5:01:00; ;18; Alba Serrano; cb;17; Miryam Cáceres; gk; 7_METERS;7; Noelia Domínguez, Mika Bochieri, Noelia Delfa, María Laguna, Valentina Learreta, María Montoro, Miryam Cáceres; María Llorca, Belén Becerra, Sara Correa, Anda Setu, Cristina Sánchez, Monique Henrique, Alba Serrano;44;FALSO;
BM Pozuelo Div. Oro vs Ciudad Imperial;0:54:20;0:54:35; T2; BM Pozuelo Div. Oro; POST_OUT; OFFENSE_POSITIONAL; EQUALITY;6:00:00; ;8; Mika Bochieri; rw;16; Belén Becerra; gk; RIGHT_WING;0; Noelia Domínguez, Mika Bochieri, Noelia Delfa, María Laguna, Valentina Learreta, Miryam Cáceres, Yaiza Alonso; María Llorca, Belén Becerra, Sara Correa, Anda Setu, Cristina Sánchez, Monique Henrique, Alba Serrano;45;FALSO;
BM Pozuelo Div. Oro vs Ciudad Imperial;0:54:35;0:55:12; T2; Ciudad Imperial; FOUL_RECEIVE; OFFENSE_POSITIONAL; EQUALITY;5:01:00; ;30; María Llorca; cb;9; Valentina Learreta; lb; ;; Noelia Domínguez, Mika Bochieri, Noelia Delfa, María Laguna, Valentina Learreta, Miryam Cáceres, María Montoro; María Llorca, Belén Becerra, Sara Correa, Anda Setu, Cristina Sánchez, Monique Henrique, Alba Serrano;45;FALSO;
BM Pozuelo Div. Oro vs Ciudad Imperial;0:55:12;0:55:31; T2; Ciudad Imperial; POST_OUT; OFFENSE_POSITIONAL; EQUALITY;5:01:00; ;11; Sara Correa; lw;17; Miryam Cáceres; gk; RIGHT_9M;10; Noelia Domínguez, Mika Bochieri, Noelia Delfa, María Laguna, Valentina Learreta, Miryam Cáceres, María Montoro; María Llorca, Belén Becerra, Sara Correa, Anda Setu, Cristina Sánchez, Monique Henrique, Alba Serrano;45;FALSO;
BM Pozuelo Div. Oro vs Ciudad Imperial;0:55:31;0:55:39; T2; BM Pozuelo Div. Oro; GOAL; OFFENSE_POSITIONAL; EQUALITY;6:00:00; ;2; Noelia Domínguez; lw;16; Belén Becerra; gk; LEFT_WING;9; Noelia Domínguez, Mika Bochieri, Noelia Delfa, María Laguna, Valentina Learreta, Miryam Cáceres, María Montoro; María Llorca, Belén Becerra, Sara Correa, Anda Setu, Cristina Sánchez, Monique Henrique, Alba Serrano;46;FALSO;
BM Pozuelo Div. Oro vs Ciudad Imperial;0:55:39;0:56:31; T2; Ciudad Imperial; POST_OUT; OFFENSE_POSITIONAL; EQUALITY;5:01:00; ;85; Bereket Garcia; lb;17; Miryam Cáceres; gk; ;11; Noelia Domínguez, Mika Bochieri, Noelia Delfa, María Laguna, Valentina Learreta, Miryam Cáceres, María Montoro; María Llorca, Belén Becerra, Sara Correa, Anda Setu, Cristina Sánchez, Alba Serrano, Bereket Garcia;46;FALSO;
BM Pozuelo Div. Oro vs Ciudad Imperial;0:56:31;0:56:45; T2; Ciudad Imperial; SAVE; OFFENSE_POSITIONAL; EQUALITY;5:01:00; ;18; Alba Serrano; cb;17; Miryam Cáceres; gk; CENTER_6M;4; Noelia Domínguez, Mika Bochieri, Noelia Delfa, María Laguna, Valentina Learreta, Miryam Cáceres, María Montoro; María Llorca, Belén Becerra, Sara Correa, Anda Setu, Cristina Sánchez, Alba Serrano, Bereket Garcia;46;FALSO;
BM Pozuelo Div. Oro vs Ciudad Imperial;0:56:45;0:57:00; T2; BM Pozuelo Div. Oro; SAVE; OFFENSE_POSITIONAL; EQUALITY;6:00:00; ;2; Noelia Domínguez; lw;16; Belén Becerra; gk; LEFT_WING;; Noelia Domínguez, Mika Bochieri, Noelia Delfa, María Laguna, Valentina Learreta, Miryam Cáceres, María Montoro; María Llorca, Belén Becerra, Sara Correa, Anda Setu, Cristina Sánchez, Alba Serrano, Bereket Garcia;47;FALSO;
BM Pozuelo Div. Oro vs Ciudad Imperial;0:57:00;0:57:34; T2; Ciudad Imperial; GOAL; OFFENSE_POSITIONAL; EQUALITY;5:01:00; ;18; Alba Serrano; cb;17; Miryam Cáceres; gk; RIGHT_9M;7; Noelia Domínguez, Mika Bochieri, Noelia Delfa, María Laguna, Valentina Learreta, Miryam Cáceres, María Montoro; María Llorca, Belén Becerra, Sara Correa, Anda Setu, Cristina Sánchez, Alba Serrano, Bereket Garcia;47;FALSO;
BM Pozuelo Div. Oro vs Ciudad Imperial;0:57:34;0:58:03; T2; BM Pozuelo Div. Oro; LOST_BALL; OFFENSE_POSITIONAL; EQUALITY;6:00:00; ;11; Noelia Delfa; cb;; ; ; ;; Noelia Domínguez, Mika Bochieri, Noelia Delfa, María Laguna, Valentina Learreta, Miryam Cáceres, Yaiza Alonso; María Llorca, Belén Becerra, Sara Correa, Anda Setu, Cristina Sánchez, Alba Serrano, Bereket Garcia;48;FALSO;
BM Pozuelo Div. Oro vs Ciudad Imperial;0:58:03;0:58:18; T2; BM Pozuelo Div. Oro; ATTACK_FAULT_COMMIT; OFFENSE_POSITIONAL; EQUALITY;6:00:00; ;9; Valentina Learreta; lb;18; Alba Serrano; cb; ;; Noelia Domínguez, Mika Bochieri, Noelia Delfa, María Laguna, Valentina Learreta, Miryam Cáceres, Yaiza Alonso; María Llorca, Belén Becerra, Sara Correa, Anda Setu, Cristina Sánchez, Alba Serrano, Bereket Garcia;48;FALSO;
BM Pozuelo Div. Oro vs Ciudad Imperial;0:58:18;0:58:59; T2; BM Pozuelo Div. Oro; RED_CARD; OFFENSE_POSITIONAL; EQUALITY;6:00:00; ;20; María Montoro; lw;; ; ; ;; Noelia Domínguez, Mika Bochieri, Noelia Delfa, María Laguna, Valentina Learreta, Miryam Cáceres; María Llorca, Belén Becerra, Sara Correa, Anda Setu, Cristina Sánchez, Alba Serrano, Bereket Garcia;48;FALSO;
BM Pozuelo Div. Oro vs Ciudad Imperial;0:58:59;0:59:51; T2; Ciudad Imperial; POST_OUT; OFFENSE_POSITIONAL; SUPERIORITY-6vs5;5:01:00; ;85; Bereket Garcia; lb;17; Miryam Cáceres; gk; CENTER_9M;0; Noelia Domínguez, Mika Bochieri, Noelia Delfa, María Laguna, Valentina Learreta, Miryam Cáceres; María Llorca, Belén Becerra, Sara Correa, Anda Setu, Cristina Sánchez, Alba Serrano, Bereket Garcia;48;FALSO;
BM Pozuelo Div. Oro vs Ciudad Imperial;0:59:51;1:00:32; T2; BM Pozuelo Div. Oro; FOUL_RECEIVE; OFFENSE_POSITIONAL; INFERIORITY-5vs6;6:00:00; ;11; Noelia Delfa; cb;11; Sara Correa; lw; ;; Noelia Domínguez, Mika Bochieri, Noelia Delfa, María Laguna, Valentina Learreta, Miryam Cáceres; María Llorca, Belén Becerra, Sara Correa, Anda Setu, Cristina Sánchez, Alba Serrano, Bereket Garcia;49;FALSO;
BM Pozuelo Div. Oro vs Ciudad Imperial;1:00:32;1:00:43; T2; BM Pozuelo Div. Oro; FOUL_RECEIVE; OFFENSE_POSITIONAL; INFERIORITY-5vs6;6:00:00; ;3; María Laguna; cb;85; Bereket Garcia; lb; ;; Noelia Domínguez, Mika Bochieri, Noelia Delfa, María Laguna, Valentina Learreta, Miryam Cáceres; María Llorca, Belén Becerra, Sara Correa, Anda Setu, Cristina Sánchez, Alba Serrano, Bereket Garcia;49;FALSO;
BM Pozuelo Div. Oro vs Ciudad Imperial;1:00:43;1:00:54; T2; BM Pozuelo Div. Oro; SAVE; OFFENSE_POSITIONAL; INFERIORITY-5vs6;6:00:00; ;8; Mika Bochieri; rw;16; Belén Becerra; gk; RIGHT_WING;6; Noelia Domínguez, Mika Bochieri, Noelia Delfa, María Laguna, Valentina Learreta, Miryam Cáceres; María Llorca, Belén Becerra, Sara Correa, Anda Setu, Cristina Sánchez, Alba Serrano, Bereket Garcia;49;FALSO;
BM Pozuelo Div. Oro vs Ciudad Imperial;1:00:54;1:01:19; T2; Ciudad Imperial; GOAL; OFFENSE_POSITIONAL; SUPERIORITY-6vs5;5:01:00; ;11; Sara Correa; lw;17; Miryam Cáceres; gk; RIGHT_6M;6; Noelia Domínguez, Mika Bochieri, Noelia Delfa, María Laguna, Valentina Learreta, Miryam Cáceres; María Llorca, Belén Becerra, Sara Correa, Anda Setu, Cristina Sánchez, Alba Serrano, Bereket Garcia;49;FALSO;
BM Pozuelo Div. Oro vs Ciudad Imperial;1:01:19;1:02:11; T2; BM Pozuelo Div. Oro; 7M_PROVOKE; OFFENSE_POSITIONAL; EQUALITY;6:00:00; ;4; Nayra Solis; rw;34; Cristina Sánchez; lp; ;; Noelia Domínguez, Noelia Delfa, María Laguna, Valentina Learreta, Miryam Cáceres, Nayra Solis, Alicia Huertas; María Llorca, Belén Becerra, Sara Correa, Anda Setu, Cristina Sánchez, Alba Serrano, Bereket Garcia;50;FALSO;
BM Pozuelo Div. Oro vs Ciudad Imperial;1:02:11;1:02:30; T2; BM Pozuelo Div. Oro; GOAL; OFFENSE_POSITIONAL; EQUALITY;6:00:00; ;30; Gemma Leal; lp;16; Belén Becerra; gk; 7_METERS;4; Noelia Domínguez, Noelia Delfa, María Laguna, Valentina Learreta, Miryam Cáceres, Nayra Solis, Gemma Leal; María Llorca, Belén Becerra, Sara Correa, Anda Setu, Cristina Sánchez, Alba Serrano, Bereket Garcia;50;FALSO;
BM Pozuelo Div. Oro vs Ciudad Imperial;1:02:30;1:02:59; T2; Ciudad Imperial; FOUL_RECEIVE; OFFENSE_POSITIONAL; EQUALITY;5:01:00; ;30; María Llorca; cb;10; Alicia Huertas; lp; ;; Noelia Domínguez, Noelia Delfa, María Laguna, Valentina Learreta, Miryam Cáceres, Nayra Solis, Alicia Huertas; María Llorca, Belén Becerra, Sara Correa, Anda Setu, Cristina Sánchez, Alba Serrano, Bereket Garcia;50;FALSO;
BM Pozuelo Div. Oro vs Ciudad Imperial;1:02:59;1:04:03; T2; Ciudad Imperial; POST_OUT; OFFENSE_POSITIONAL; EQUALITY;5:01:00; ;30; María Llorca; cb;17; Miryam Cáceres; gk; CENTER_9M;0; Noelia Domínguez, Noelia Delfa, María Laguna, Valentina Learreta, Miryam Cáceres, Nayra Solis, Alicia Huertas; María Llorca, Belén Becerra, Sara Correa, Anda Setu, Cristina Sánchez, Alba Serrano, Bereket Garcia;50;FALSO;
BM Pozuelo Div. Oro vs Ciudad Imperial;1:04:03;1:04:29; T2; BM Pozuelo Div. Oro; GOAL; OFFENSE_POSITIONAL; EQUALITY;6:00:00; ;3; María Laguna; cb;16; Belén Becerra; gk; RIGHT_6M;7; Noelia Domínguez, Noelia Delfa, María Laguna, Valentina Learreta, Miryam Cáceres, Nayra Solis, Alicia Huertas; María Llorca, Belén Becerra, Sara Correa, Anda Setu, Cristina Sánchez, Alba Serrano, Bereket Garcia;51;FALSO;
BM Pozuelo Div. Oro vs Ciudad Imperial;1:04:29;1:04:53; T2; Ciudad Imperial; GOAL; OFFENSE_POSITIONAL; EQUALITY;5:01:00; Bereket Garcia;30; María Llorca; cb;17; Miryam Cáceres; gk; LEFT_6M;9; Noelia Domínguez, Noelia Delfa, María Laguna, Valentina Learreta, Miryam Cáceres, Nayra Solis, Alicia Huertas; María Llorca, Belén Becerra, Sara Correa, Anda Setu, Cristina Sánchez, Alba Serrano, Bereket Garcia;51;FALSO;
BM Pozuelo Div. Oro vs Ciudad Imperial;1:04:53;1:05:05; T2; BM Pozuelo Div. Oro; GOAL; COUNTER_GOAL; EQUALITY;6:00:00; ;11; Noelia Delfa; cb;16; Belén Becerra; gk; CENTER_9M;4; Noelia Domínguez, Noelia Delfa, María Laguna, Valentina Learreta, Miryam Cáceres, Nayra Solis, Alicia Huertas; María Llorca, Belén Becerra, Sara Correa, Anda Setu, Cristina Sánchez, Alba Serrano, Bereket Garcia;52;FALSO;
BM Pozuelo Div. Oro vs Ciudad Imperial;1:05:05;1:05:14; T2; Ciudad Imperial; FOUL_RECEIVE; OFFENSE_POSITIONAL; EQUALITY;5:01:00; ;34; Cristina Sánchez; lp;10; Alicia Huertas; lp; ;; Noelia Domínguez, Noelia Delfa, María Laguna, Valentina Learreta, Miryam Cáceres, Nayra Solis, Alicia Huertas; María Llorca, Belén Becerra, Sara Correa, Anda Setu, Cristina Sánchez, Alba Serrano, Bereket Garcia;52;FALSO;
BM Pozuelo Div. Oro vs Ciudad Imperial;1:05:14;1:05:38; T2; Ciudad Imperial; SAVE; OFFENSE_POSITIONAL; EQUALITY;5:01:00; ;30; María Llorca; cb;17; Miryam Cáceres; gk; RIGHT_6M;4; Noelia Domínguez, Noelia Delfa, María Laguna, Valentina Learreta, Miryam Cáceres, Nayra Solis, Alicia Huertas; María Llorca, Belén Becerra, Sara Correa, Anda Setu, Cristina Sánchez, Alba Serrano, Bereket Garcia;52;FALSO;
BM Pozuelo Div. Oro vs Ciudad Imperial;1:05:38;1:06:23; T2; BM Pozuelo Div. Oro; FOUL_RECEIVE; OFFENSE_POSITIONAL; EQUALITY;6:00:00; ;10; Alicia Huertas; lp;85; Bereket Garcia; lb; ;; Noelia Domínguez, Noelia Delfa, María Laguna, Valentina Learreta, Miryam Cáceres, Nayra Solis, Alicia Huertas; María Llorca, Belén Becerra, Sara Correa, Anda Setu, Cristina Sánchez, Alba Serrano, Bereket Garcia;53;FALSO;
BM Pozuelo Div. Oro vs Ciudad Imperial;1:06:23;1:06:31; T2; BM Pozuelo Div. Oro; LOST_BALL; OFFENSE_POSITIONAL; EQUALITY;6:00:00; ;11; Noelia Delfa; cb;; ; ; ;; Noelia Domínguez, Noelia Delfa, María Laguna, Valentina Learreta, Miryam Cáceres, Nayra Solis, Alicia Huertas; María Llorca, Belén Becerra, Sara Correa, Anda Setu, Cristina Sánchez, Alba Serrano, Bereket Garcia;53;FALSO;
BM Pozuelo Div. Oro vs Ciudad Imperial;1:06:31;1:06:58; T2; Ciudad Imperial; SHOT_BLOCKED; OFFENSE_POSITIONAL; EQUALITY;5:01:00; ;30; María Llorca; cb;11; Noelia Delfa; cb; ;; Noelia Domínguez, Noelia Delfa, María Laguna, Valentina Learreta, Miryam Cáceres, Nayra Solis, Alicia Huertas; María Llorca, Belén Becerra, Sara Correa, Anda Setu, Cristina Sánchez, Alba Serrano, Bereket Garcia;53;FALSO;
BM Pozuelo Div. Oro vs Ciudad Imperial;1:06:58;1:07:19; T2; Ciudad Imperial; LOST_BALL; OFFENSE_POSITIONAL; EQUALITY;5:01:00; ;85; Bereket Garcia; lb;3; María Laguna; cb; ;; Noelia Domínguez, Noelia Delfa, María Laguna, Valentina Learreta, Miryam Cáceres, Nayra Solis, Alicia Huertas; María Llorca, Belén Becerra, Sara Correa, Anda Setu, Cristina Sánchez, Alba Serrano, Bereket Garcia;53;FALSO;
BM Pozuelo Div. Oro vs Ciudad Imperial;1:07:19;1:07:41; T2; BM Pozuelo Div. Oro; FOUL_RECEIVE; OFFENSE_POSITIONAL; EQUALITY;6:00:00; ;10; Alicia Huertas; lp;18; Alba Serrano; cb; ;; Noelia Domínguez, Noelia Delfa, María Laguna, Valentina Learreta, Miryam Cáceres, Nayra Solis, Alicia Huertas; María Llorca, Belén Becerra, Sara Correa, Anda Setu, Cristina Sánchez, Alba Serrano, Bereket Garcia;54;FALSO;
BM Pozuelo Div. Oro vs Ciudad Imperial;1:07:41;1:08:06; T2; BM Pozuelo Div. Oro; SAVE; OFFENSE_POSITIONAL; EQUALITY;6:00:00; ;2; Noelia Domínguez; lw;16; Belén Becerra; gk; LEFT_WING;2; Noelia Domínguez, Noelia Delfa, María Laguna, Valentina Learreta, Miryam Cáceres, Nayra Solis, Alicia Huertas; María Llorca, Belén Becerra, Sara Correa, Anda Setu, Cristina Sánchez, Alba Serrano, Bereket Garcia;54;FALSO;
BM Pozuelo Div. Oro vs Ciudad Imperial;1:08:06;1:08:35; T2; Ciudad Imperial; GOAL; OFFENSE_POSITIONAL; EQUALITY;5:01:00; ;18; Alba Serrano; cb;17; Miryam Cáceres; gk; CENTER_6M;9; Noelia Domínguez, Noelia Delfa, María Laguna, Valentina Learreta, Miryam Cáceres, Nayra Solis, Alicia Huertas; María Llorca, Belén Becerra, Sara Correa, Anda Setu, Cristina Sánchez, Alba Serrano, Bereket Garcia;54;FALSO;
BM Pozuelo Div. Oro vs Ciudad Imperial;1:08:35;1:08:47; T2; BM Pozuelo Div. Oro; GOAL; OFFENSE_POSITIONAL; EQUALITY;6:00:00; ;11; Noelia Delfa; cb;16; Belén Becerra; gk; RIGHT_6M;7; Noelia Domínguez, Noelia Delfa, María Laguna, Valentina Learreta, Miryam Cáceres, Nayra Solis, Alicia Huertas; María Llorca, Belén Becerra, Sara Correa, Anda Setu, Cristina Sánchez, Alba Serrano, Bereket Garcia;55;FALSO;
BM Pozuelo Div. Oro vs Ciudad Imperial;1:08:47;1:09:30; T2; Ciudad Imperial; ATTACK_FAULT_COMMIT; OFFENSE_POSITIONAL; EQUALITY;5:01:00; ;31; Silvia Pérez; lw;11; Noelia Delfa; cb; ;; Noelia Domínguez, Noelia Delfa, María Laguna, Valentina Learreta, Miryam Cáceres, Nayra Solis, Alicia Huertas; María Llorca, Belén Becerra, Anda Setu, Cristina Sánchez, Alba Serrano, Bereket Garcia, Silvia Pérez;55;FALSO;
BM Pozuelo Div. Oro vs Ciudad Imperial;1:09:30;1:09:49; T2; BM Pozuelo Div. Oro; POST_OUT; OFFENSE_POSITIONAL; EQUALITY;6:00:00; ;11; Noelia Delfa; cb;16; Belén Becerra; gk; CENTER_9M;10; Noelia Domínguez, Noelia Delfa, María Laguna, Valentina Learreta, Miryam Cáceres, Nayra Solis, Alicia Huertas; María Llorca, Belén Becerra, Anda Setu, Cristina Sánchez, Alba Serrano, Bereket Garcia, Silvia Pérez;56;FALSO;
BM Pozuelo Div. Oro vs Ciudad Imperial;1:09:49;1:10:12; T2; Ciudad Imperial; GOAL; FAST_BREAK; EQUALITY;5:01:00; ;10; Anda Setu; lb;17; Miryam Cáceres; gk; LEFT_6M;9; Noelia Domínguez, Noelia Delfa, María Laguna, Valentina Learreta, Miryam Cáceres, Nayra Solis, Alicia Huertas; María Llorca, Belén Becerra, Bereket Garcia, Cristina Sánchez, Alba Serrano, Anda Setu, Silvia Pérez;56;FALSO;
BM Pozuelo Div. Oro vs Ciudad Imperial;1:10:12;1:10:42; T2; BM Pozuelo Div. Oro; FOUL_RECEIVE; OFFENSE_POSITIONAL; EQUALITY;6:00:00; ;10; Alicia Huertas; lp;18; Alba Serrano; cb; ;; Noelia Domínguez, Noelia Delfa, María Laguna, Valentina Learreta, Miryam Cáceres, Nayra Solis, Alicia Huertas; María Llorca, Belén Becerra, Bereket Garcia, Cristina Sánchez, Alba Serrano, Anda Setu, Silvia Pérez;57;FALSO;
BM Pozuelo Div. Oro vs Ciudad Imperial;1:10:42;1:10:51; T2; BM Pozuelo Div. Oro; GOAL; OFFENSE_POSITIONAL; EQUALITY;6:00:00; ;11; Noelia Delfa; cb;16; Belén Becerra; gk; CENTER_9M;1; Noelia Domínguez, Noelia Delfa, María Laguna, Valentina Learreta, Miryam Cáceres, Nayra Solis, Alicia Huertas; María Llorca, Belén Becerra, Bereket Garcia, Cristina Sánchez, Alba Serrano, Anda Setu, Silvia Pérez;57;FALSO;
BM Pozuelo Div. Oro vs Ciudad Imperial;1:10:51;1:11:15; T2; Ciudad Imperial; GOAL; OFFENSE_POSITIONAL; EQUALITY;5:01:00; ;34; Cristina Sánchez; lp;17; Miryam Cáceres; gk; CENTER_6M;9; Noelia Domínguez, Noelia Delfa, María Laguna, Valentina Learreta, Miryam Cáceres, Nayra Solis, Alicia Huertas; María Llorca, Belén Becerra, Bereket Garcia, Cristina Sánchez, Alba Serrano, Anda Setu, Silvia Pérez;57;FALSO;
BM Pozuelo Div. Oro vs Ciudad Imperial;1:11:15;1:11:27; T2; Ciudad Imperial; SECOND_HALF_END; OFFENSE_POSITIONAL; EQUALITY;5:01:00; ;; ; ;; ; ; ;; Noelia Domínguez, Noelia Delfa, María Laguna, Valentina Learreta, Miryam Cáceres, Nayra Solis, Alicia Huertas; María Llorca, Belén Becerra, Bereket Garcia, Cristina Sánchez, Alba Serrano, Anda Setu, Silvia Pérez;57;FALSO;
